keys,en,zh_CN
Squeakzilla,Squeakzilla,吱斯拉
Fanged Death,Fanged Death,獠牙死神
The Hippocrate,The Hippocrate,伪誓河马
Doomduck,Doomduck,末日鸭
Bacon,Bacon,培根
Honk,Honk,嘎嘎
Bonk,Bonk,砰砰
Nope Rope,Nope Rope,不不蛇
Croak,Croak,呱
Spicy,Spicy,辣个
Popsicle,Popsicle,冰棍兵
Dodo,Dodo,渡渡鸟
Bow,Bow,弓箭
Mortar Launcher,Mortar Launcher,迫击炮
Frost Bow,Frost Bow,霜弓
Poison Bow,Poison Bow,毒弓
Flamecaster,Flamecaster,喷火法器
Storm Hammer,Storm Hammer,雷锤
Ballista,Ballista,弩炮
Immolation,Immolation,自燃
Shockwave Axe,Shockwave Axe,冲波斧
Moon Glaive,Moon Glaive,月牙刃
Death Engine,Death Engine,死亡机器
Magic Missile,Magic Missile,魔法飞弹
Boulder,Boulder,巨石
Magic Bolt,Magic Bolt,魔法箭
Chaos Orb,Chaos Orb,混沌球
Throwing Axes,Throwing Axes,飞斧
Chaos Skulls,Chaos Skulls,混沌骷髅
Suckula,Suckula,吸血鬼浪
Missile Barrage,Missile Barrage,导弹齐射
Seeker Axe,Seeker Axe,追踪斧
Steam Cannon,Steam Cannon,蒸汽炮
Demon Eye,Demon Eye,魔眼
Impaler,Impaler,穿刺者
Chaos Swarm,Chaos Swarm,混沌群
Catapult,Catapult,投石车
Slap,Slap,大耳光
Crippler,Crippler,致残器
Lifeleecher,Lifeleecher,汲命者
Spell Glaive,Spell Glaive,法术镰刀
Glaive Thrower,Glaive Thrower,掷刃器
Spikewheel Launcher,Spikewheel Launcher,刺轮发射器
Meatapult,Meatapult,肉弹炮
Arcane Blaster,Arcane Blaster,奥法炮
Quills,Quills,刺针
Living Spittle,Living Spittle,活体毒液
Poison Bomb,Poison Bomb,毒弹
Serpent,Serpent,毒蛇
Overloaded Catapult,Overloaded Catapult,超载投石车
Chaos Claw,Chaos Claw,混沌爪
Net Thrower,Net Thrower,投网器
Thornburst,Thornburst,荆棘爆
Chaotic Spirit,Chaotic Spirit,乱魂
Energy Pulse,Energy Pulse,能量脉冲
Cluster Rockets,Cluster Rockets,集束火箭
Frost Bomb,Frost Bomb,冰霜炸弹
Bouncy Cannonball,Bouncy Cannonball,弹弹炮弹
Soulstealer,Soulstealer,夺魂者
Splasher,Splasher,泼溅器
Fire Bow,Fire Bow,火矢弓
Chaos Web,Chaos Web,混沌蛛网
Magic Claw,Magic Claw,魔爪
Liquid Fire Hurler,Liquid Fire Hurler,液火投掷器
Boulder Toss,Boulder Toss,抛石
Bloody Spikes,Bloody Spikes,血刺
Shroom Doom,Shroom Doom,蘑菇末日
Flame Generator,Flame Generator,烈焰炉
Firebreather,Firebreather,喷火兽
Lavaspitter,Lavaspitter,熔岩喷吐者
Frostbolt,Frostbolt,寒冰箭
Living Ice,Living Ice,活冰
Ice Generator,Ice Generator,冰霜炉
Ice Spears,Ice Spears,冰矛
Knives,Knives,匕首雨
Blaster,Blaster,爆破枪
Bandit Sniper,Bandit Sniper,流匪狙击手
Bombs,Bombs,炸弹
Sting,Sting,毒刺
Chaos Skull Bomb,Chaos Skull Bomb,混沌颅骨弹
Icebreather,Icebreather,寒气吐息者
Frostwave,Frostwave,霜波
Flamewave,Flamewave,火浪
Chaotic Spirit Bolt,Chaotic Spirit Bolt,乱魂箭
Manabolt,Manabolt,法力箭
Squirm,Squirm,蠕动君
Immolation Aura,Immolation Aura,自焚光环
Boom Bloom,Boom Bloom,轰轰花
Quill Burst,Quill Burst,刺羽爆
Arcane Burst,Arcane Burst,奥法爆
Meteor Barrage,Meteor Barrage,陨石齐射
Ale Launcher,Ale Launcher,烈酒炮
Chaos Bolt,Chaos Bolt,混沌箭
Rotating Orb of Lightning,Rotating Orb of Lightning,旋转雷球
Lightning Generator,Lightning Generator,闪电炉
Flame Nova,Flame Nova,火焰新星
Shocker,Shocker,电击器
Tangle,Tangle,缠藤
+10% Damage,+10% Damage,+10%全伤
Improved Piercing Attacks,Improved Piercing Attacks,穿刺强化
Improved Siege Attacks,Improved Siege Attacks,攻城强化
Improved Magic Attacks,Improved Magic Attacks,魔法强化
+25% Damage (Epic),+25% Damage (Epic),+25%全伤(史诗)
Rapidfire,Rapidfire,速射
Bounty Hunter,Bounty Hunter,赏金猎人
Entangled Gold Mine,Entangled Gold Mine,缠绕金矿
+10% Gold Income,+10% Gold Income,+10%收入
+25% Gold Income,+25% Gold Income,+25%收入
Transmute,Transmute,点金
Imbued Masonry,Imbued Masonry,灵石城墙
+10 Armor,+10 Armor,+10护甲
Moonwell,Moonwell,月之泉
+50 HP Regen,+50 HP Regen,+50生命回复
Evasion,Evasion,闪避
Power Generator,Power Generator,能量炉
Scroll of Chaos,Scroll of Chaos,混沌卷轴
"Compounding Greed (+10 Income, +5/round)","Compounding Greed (+10 Income, +5/round)","复利贪婪(+10收入,+5/轮)"
Blessed Armor,Blessed Armor,祝福护甲
Focusfire,Focusfire,集中火力
+25% Splash Damage,+25% Splash Damage,+25%溅射伤害
+25% Barrage Damage,+25% Barrage Damage,+25%弹幕伤害
+25% Area Damage,+25% Area Damage,+25%范围伤害
Wavefire,Wavefire,波浪炮击
+25% Bounce Damage,+25% Bounce Damage,+25%弹跳伤害
Command Aura,Command Aura,指挥气场
Trueshot Aura,Trueshot Aura,真射气场
Engineering Upgrade,Engineering Upgrade,工程改造
Bash,Bash,猛击
Corrosive Poison,Corrosive Poison,腐蚀毒素
Potent Poison,Potent Poison,剧毒
Dazing Stuns,Dazing Stuns,晕眩延长
Dreadlord Fang,Dreadlord Fang,恐惧魔王之牙
+300 Spikes Damage,+300 Spikes Damage,+300反刺伤害
+50% Spikes Damage,+50% Spikes Damage,+50%反刺伤害
Growing Spikes,Growing Spikes,成长之刺
Vulnerability Totem,Vulnerability Totem,易伤图腾
Mask of Death,Mask of Death,死亡面具
+60 Heal on Kill,+60 Heal on Kill,+60击杀回血
Reanimating Poison,Reanimating Poison,复苏之毒
Multiplication Gems,Multiplication Gems,复制宝石
Duplicator,Duplicator,复制器
Black Market,Black Market,黑市
Magic Treasure,Magic Treasure,魔法财宝
Ankh of Reconstruction,Ankh of Reconstruction,重生安克
Healing Hand,Healing Hand,治愈之手
Living Wood,Living Wood,活木
Enchanted Moon Arrow,Enchanted Moon Arrow,附魔月箭
Refined Explosives,Refined Explosives,精炼炸药
Overclocked Death Engine (+10% Chaos per Death Engine),Overclocked Death Engine (+10% Chaos per Death Engine),超频死亡机器(+10%混沌/台)
Philosopher's Stone,Philosopher's Stone,哲人之石
Cursed Treasure,Cursed Treasure,诅咒财宝
Bloodmoney (+1 Gold per 100 Damage),Bloodmoney (+1 Gold per 100 Damage),血钱(每100伤害+1金)
Bloodmoney II (+1 Gold per 20 Damage),Bloodmoney II (+1 Gold per 20 Damage),血钱II(每20伤害+1金)
Wartithe (25% of Income as Mana Shield),Wartithe (25% of Income as Mana Shield),战争税(25%收入入护盾)
"Aegis Protocol (+2500 Shield, +400/round)","Aegis Protocol (+2500 Shield, +400/round)","神盾协议(+2500护盾,+400/轮)"
Improved Masonry,Improved Masonry,石墙强化
+1000 Max HP,+1000 Max HP,+1000最大生命
+2000 Max HP,+2000 Max HP,+2000最大生命
+50% Kill Bounty,+50% Kill Bounty,+50%击杀赏金
Recharge,Recharge,充能
+20 Gold Income,+20 Gold Income,+20收入
Tower Armor,Tower Armor,塔甲
+10% Attack Speed,+10% Attack Speed,+10%攻速
Renew,Renew,重焕
Repair Crew,Repair Crew,修复班
Magic Coin,Magic Coin,魔法金币
Gold Mine,Gold Mine,金矿
+100% Kill Bounty,+100% Kill Bounty,+100%击杀赏金
+40 HP Regen,+40 HP Regen,+40生命回复
Energy Shield,Energy Shield,能量护盾
"Escalating Plunder (+100% Bounty, +15%/round)","Escalating Plunder (+100% Bounty, +15%/round)","递增掠夺(+100%赏金,+15%/轮)"
"Living Fortress (+2500 Max HP, +500/round)","Living Fortress (+2500 Max HP, +500/round)","活堡垒(+2500生命,+500/轮)"
Mana Shield,Mana Shield,法力护盾
"Mending Engine (+120 Regen, +30/round)","Mending Engine (+120 Regen, +30/round)","治愈炉(+120回复,+30/轮)"
Mastercrafted Masonry,Mastercrafted Masonry,大师石工
Golden Ring,Golden Ring,黄金指环
Arcane Mark,Arcane Mark,奥法印记
Maw of Death,Maw of Death,死亡血盆
Poison Armor,Poison Armor,毒甲
Blight Aura,Blight Aura,枯萎光环
Improved Normal Attacks,Improved Normal Attacks,普攻强化
Improved Chaos Attacks,Improved Chaos Attacks,混沌强化
ROUND %d,ROUND %d,第 %d 轮
BOSS,BOSS,首领
tick %d,tick %d,帧 %d
next in %ds,next in %ds,%d 秒后下一轮
BOSS IN %s,BOSS IN %s,首领来袭 %s
ARSENAL,ARSENAL,武器库
— nothing yet —,— nothing yet —,— 空空如也 —
SHOP,SHOP,商店
click a card or press [1-8] to buy  ·  refreshes every round (30s)  ·  buy as many as you can afford,click a card or press [1-8] to buy  ·  refreshes every round (30s)  ·  buy as many as you can afford,点击卡牌或按 [1-8] 购买  ·  每轮刷新（30秒）·  能买多少买多少
[R] REROLL  free x%d,[R] REROLL  free x%d,[R] 重投  免费 x%d
[R] REROLL  %dg,[R] REROLL  %dg,[R] 重投  %dg
[Space] CLEAR,[Space] CLEAR,[Space] 清场
[N] sound: on,[N] sound: on,[N] 声音：开
[N] sound: off,[N] sound: off,[N] 声音：关
WEAPONS,WEAPONS,武器
WEAPON,WEAPON,武器
ECONOMY,ECONOMY,经济
SPIKE,SPIKE,尖刺
PASSIVE,PASSIVE,被动
TANK DESTROYED,TANK DESTROYED,坦克已摧毁
Run summary,Run summary,本局统计
Round reached,Round reached,存活轮次
Damage dealt,Damage dealt,造成伤害
Gold earned,Gold earned,获得金币
Weapons bought,Weapons bought,购买武器
— nothing acquired —,— nothing acquired —,— 两手空空 —
ACHIEVEMENTS UNLOCKED,ACHIEVEMENTS UNLOCKED,本局解锁成就
— none this run —,— none this run —,— 本局无 —
REDEPLOY,REDEPLOY,再次出战
[Enter] Redeploy   ·   [Esc] Menu,[Enter] Redeploy   ·   [Esc] Menu,[Enter] 再次出战   ·   [Esc] 主菜单
MULTI-ARENA NET VIEW  —  %d sharded sims · 1 authoritative director · server tick %d · alive %d/%d  [%s],MULTI-ARENA NET VIEW  —  %d sharded sims · 1 authoritative director · server tick %d · alive %d/%d  [%s],多竞技场网络视图  —  %d 分片模拟 · 1 权威裁定器 · 服务器帧 %d · 存活 %d/%d  [%s]
YOU: %s  ·  [S] skins,YOU: %s  ·  [S] skins,你：%s  ·  [S] 换皮肤
CHALLENGE: %s  ·  %s,CHALLENGE: %s  ·  %s,挑战：%s  ·  %s
ACHIEVEMENT UNLOCKED:  %s,ACHIEVEMENT UNLOCKED:  %s,成就解锁：%s
MATCH OVER,MATCH OVER,对局结束
LIVE,LIVE,进行中
GRIMDARK,GRIMDARK,黑暗风
GASLAMP,GASLAMP,蒸汽灯
OUT,OUT,淘汰
SCORE %d,SCORE %d,得分 %d
★ YOU,★ YOU,★ 你
MULTIPLAYER LOBBY,MULTIPLAYER LOBBY,多人大厅
host peer %d  ·  %d / %d seated  ·  %d / %d ready  ·  phase %s,host peer %d  ·  %d / %d seated  ·  %d / %d ready  ·  phase %s,主机 %d  ·  %d / %d 在座  ·  %d / %d 准备就绪  ·  阶段 %s
FILLING,FILLING,等待加入
READY,READY,准备就绪
STARTED,STARTED,已开始
HOST,HOST,主机
✓ READY,✓ READY,✓ 准备就绪
✗ not ready,✗ not ready,✗ 未准备
▶ START MATCH  [Enter],▶ START MATCH  [Enter],▶ 开始对局  [Enter]
START  (all must ready),START  (all must ready),开始（所有人须准备就绪）
YOU: ✓ ready,YOU: ✓ ready,你：✓ 准备就绪
YOU: ✗ not ready,YOU: ✗ not ready,你：✗ 未准备
[Space] toggle,[Space] toggle,[Space] 切换
Lobby unavailable (StLobby not loaded).,Lobby unavailable (StLobby not loaded).,大厅不可用（StLobby 未加载）
Need at least 1 other player to start.,Need at least 1 other player to start.,至少需要 1 名其他玩家才能开始。
Not everyone is ready yet. [R] readies all.,Not everyone is ready yet. [R] readies all.,还有人未准备好。[R] 一键全部准备。
Start rejected: not all players ready.,Start rejected: not all players ready.,开始失败：并非所有玩家已准备就绪。
Start rejected: not enough players.,Start rejected: not enough players.,开始失败：玩家人数不足。
Start rejected: match already started.,Start rejected: match already started.,开始失败：对局已经开始。
Start rejected (code %d).,Start rejected (code %d).,开始失败（错误码 %d）。
[Space] your ready   [A] add player   [X] remove player   [R] ready all   [Enter] start   [T] theme   [Esc] back,[Space] your ready   [A] add player   [X] remove player   [R] ready all   [Enter] start   [T] theme   [Esc] back,[Space] 切换准备   [A] 添加玩家   [X] 移除玩家   [R] 全部准备   [Enter] 开始   [T] 主题   [Esc] 返回
CHOOSE A CHALLENGE,CHOOSE A CHALLENGE,选择挑战
Your tank's bot will honor the rule — clear it to unlock the reward skin.   [↑/↓] move   [Enter] deploy   [C/Esc] back,Your tank's bot will honor the rule — clear it to unlock the reward skin.   [↑/↓] move   [Enter] deploy   [C/Esc] back,机器人将遵守规则出战——完成挑战即可解锁奖励皮肤。   [↑/↓] 移动   [Enter] 出战   [C/Esc] 返回
Free Play,Free Play,自由对战
No rule — just deploy with your selected skin.,No rule — just deploy with your selected skin.,无规则限制——直接以当前皮肤出战。
Unlocks: %s,Unlocks: %s,解锁：%s
✓ EARNED,✓ EARNED,✓ 已获得
locked,locked,未解锁
SELECT YOUR TANK,SELECT YOUR TANK,选择你的坦克
%d / %d unlocked,%d / %d unlocked,%d / %d 已解锁
"Unlock skins via achievements — purist runs (one weapon type), no-economy, and more.   [arrows] move   [Enter] play   [C] challenges   [L] lobby   [M] net demo   [T] theme   [U] dev-unlock","Unlock skins via achievements — purist runs (one weapon type), no-economy, and more.   [arrows] move   [Enter] play   [C] challenges   [L] lobby   [M] net demo   [T] theme   [U] dev-unlock",通过成就解锁皮肤——纯粹流（单一武器类型）、无经济流等。   [方向键] 移动   [Enter] 出战   [C] 挑战   [L] 大厅   [M] 网络演示   [T] 主题   [U] 开发解锁
✓ EQUIPPED,✓ EQUIPPED,✓ 已装备
LOCKED: %s,LOCKED: %s,已锁定：%s
[ DEPLOY: %s ],[ DEPLOY: %s ],[ 出战：%s ]
[ LOCKED: %s — %s ],[ LOCKED: %s — %s ],[ 已锁定：%s — %s ]
Hermit-Crab Fortress,Hermit-Crab Fortress,蟹堡要塞
The default defender: a dug-in crab-keep (war-tortoise alt skin).,The default defender: a dug-in crab-keep (war-tortoise alt skin).,默认防守者：一座壕沟蟹堡（战龟别皮）。
Deadeye Dan,Deadeye Dan,独眼神射
One-eyed single-shot sniper.,One-eyed single-shot sniper.,独眼狙击手，一击毙命。
Spicy Meatball,Spicy Meatball,麻辣肉丸
Splash-only. BELCHES fire.,Splash-only. BELCHES fire.,纯溅射流。狂喷火焰！
Octo-Blaster,Octo-Blaster,八爪炮台
Eight arms eight barrages.,Eight arms eight barrages.,八臂齐发，乱弹如雨。
Disco Doom,Disco Doom,迪斯科末日
Pulsing aura of pure groove.,Pulsing aura of pure groove.,纯律动气场，脉冲致死。
Tidal Terry,Tidal Terry,海浪大叔
A sweeping wave. Gnarly.,A sweeping wave. Gnarly.,如浪横扫，狂野无比。
Bouncy Boi,Bouncy Boi,弹弹小子
Boing. Boing. Ricochet.,Boing. Boing. Ricochet.,嘭。嘭。乱弹乱撞。
Stone Broke,Stone Broke,穷光蛋
No income. All vibes.,No income. All vibes.,不赚金币，纯靠感觉。
Franken-Tank,Franken-Tank,弗兰肯坦克
A bit of every weapon type.,A bit of every weapon type.,什么武器都买一点。
Gore Hound,Gore Hound,嗜血猎犬
It has tasted 1000000 HP.,It has tasted 1000000 HP.,已品尝过一百万滴血。
Chilly Willy,Chilly Willy,雪人威利
Snowman. Carrot goes BOOM.,Snowman. Carrot goes BOOM.,雪人出击，胡萝卜爆炸！
Sir Toots-a-Lot,Sir Toots-a-Lot,放屁爵士
A brass steam-teapot of war.,A brass steam-teapot of war.,黄铜蒸汽茶壶上战场。
Lord Spookington,Lord Spookington,幽灵爵爷
A floaty eldritch eyeball. Hi.,A floaty eldritch eyeball. Hi.,漂浮邪眼，你好啊。
One-Trick Sniper,One-Trick Sniper,专一狙击手
Buy only Single-Target weapons (3+).,Buy only Single-Target weapons (3+).,只购买单体武器（3件以上）。
Boom Enthusiast,Boom Enthusiast,爆炸爱好者
Buy only Splash weapons (3+).,Buy only Splash weapons (3+).,只购买溅射武器（3件以上）。
Spray 'n' Pray,Spray 'n' Pray,横扫听天命
Buy only Barrage weapons (3+).,Buy only Barrage weapons (3+).,只购买连射武器（3件以上）。
Aura Farmer,Aura Farmer,气场收割者
Buy only Area weapons (3+).,Buy only Area weapons (3+).,只购买范围武器（3件以上）。
Wavy Gravy,Wavy Gravy,浪里个浪
Buy only Wave weapons (3+).,Buy only Wave weapons (3+).,只购买波浪武器（3件以上）。
Ricochet Rascal,Ricochet Rascal,反弹小鬼
Buy only Bounce weapons (3+).,Buy only Bounce weapons (3+).,只购买弹射武器（3件以上）。
Buy 6 weapons with zero income purchases.,Buy 6 weapons with zero income purchases.,在零收入购买的情况下购买 6 件武器。
Jack of All Trades,Jack of All Trades,百搭全才
Buy a weapon of every attack type.,Buy a weapon of every attack type.,每种攻击类型各买一件武器。
Bloodletter,Bloodletter,放血大师
Deal 1000000 damage in a match.,Deal 1000000 damage in a match.,在一局中造成 1000000 点伤害。
Long Watch,Long Watch,熬夜守卫
Survive to round 20.,Survive to round 20.,坚持到第 20 轮。
War Profiteer,War Profiteer,战争奸商
Earn 500000 gold in a match.,Earn 500000 gold in a match.,在一局中赚取 500000 金币。
Sole Survivor,Sole Survivor,最后的幸存者
Win a match (last tank standing).,Win a match (last tank standing).,赢得对局（最后一辆坦克存活）。
Purist: Single-Target,Purist: Single-Target,纯粹流：单体
Bot buys ONLY Single-Target weapons.,Bot buys ONLY Single-Target weapons.,机器人只购买单体武器。
Purist: Splash,Purist: Splash,纯粹流：溅射
Bot buys ONLY Splash weapons.,Bot buys ONLY Splash weapons.,机器人只购买溅射武器。
Purist: Barrage,Purist: Barrage,纯粹流：连射
Bot buys ONLY Barrage weapons.,Bot buys ONLY Barrage weapons.,机器人只购买连射武器。
Purist: Area,Purist: Area,纯粹流：范围
Bot buys ONLY Area weapons.,Bot buys ONLY Area weapons.,机器人只购买范围武器。
Purist: Wave,Purist: Wave,纯粹流：波浪
Bot buys ONLY Wave weapons.,Bot buys ONLY Wave weapons.,机器人只购买波浪武器。
Purist: Bounce,Purist: Bounce,纯粹流：弹射
Bot buys ONLY Bounce weapons.,Bot buys ONLY Bounce weapons.,机器人只购买弹射武器。
No Economy,No Economy,无经济流
Bot never buys income only weapons.,Bot never buys income only weapons.,机器人从不购买收入，只购买武器。
Bot collects a weapon of every type.,Bot collects a weapon of every type.,机器人收集每种类型的武器。
YOU,YOU,你
+%d/t,+%d/t,+%d/t
"Warden issue, third pattern; the stock is notched once for every gunner the Pale Wardens lost holding this same dirt.","Warden issue, third pattern; the stock is notched once for every gunner the Pale Wardens lost holding this same dirt.",卫士制式，第三型号；枪托上每刻一道，就是苍白卫士为守住这片烂泥而倒下的一名射手。
"Single-target piercing. The first thing they hand you, and often the last.","Single-target piercing. The first thing they hand you, and often the last.",单体穿刺。他们最先塞给你的家伙，往往也是你最后摸到的。
"Ninth Foundry overrun, its sights still ground for a wall that no longer stands at Ashmark.","Ninth Foundry overrun, its sights still ground for a wall that no longer stands at Ashmark.",第九铸造厂的过剩品，瞄具至今仍校准着艾什马克一堵早已不复存在的城墙。
"Lobbed siege splash. Wide blast, slow to reseat.","Lobbed siege splash. Wide blast, slow to reseat.",抛射攻城溅射。爆炸范围大，再装填缓慢。
The cold it throws is the same cold that took Ashmark in one night; the Hexwrights only learned to aim it afterward.,The cold it throws is the same cold that took Ashmark in one night; the Hexwrights only learned to aim it afterward.,它喷出的寒意，正是一夜吞没艾什马克的那股寒意；符文匠不过是事后才学会瞄准它。
Fast single-target magic. Stacks frost toward the freeze.,Fast single-target magic. Stacks frost toward the freeze.,快速单体魔法。叠加冰霜直至冻结。
"Greycoat field-rations went bad in the same crates that carried these tips, and the quartermaster shipped both anyway.","Greycoat field-rations went bad in the same crates that carried these tips, and the quartermaster shipped both anyway.",灰袍兵的野战口粮和这些箭头装在同一批箱子里一起变了质，军需官照样把两样都发了下去。
"Single-target piercing. Light hit, heavy poison rot.","Single-target piercing. Light hit, heavy poison rot.",单体穿刺。伤害轻，中毒腐蚀重。
Foundry-work turned outward; the men who pour the cannon learned long ago that fire spreads down a packed column.,Foundry-work turned outward; the men who pour the cannon learned long ago that fire spreads down a packed column.,铸造厂的手艺反向施为；浇铸火炮的人早就懂得，火焰会顺着密集的纵队一路蔓延。
"Short-range chaos splash. Stacks fire that cooks, then bursts on death.","Short-range chaos splash. Stacks fire that cooks, then bursts on death.",近程混沌溅射。叠加灼烧火焰，目标死亡时引爆。
The Hexwrights bound a storm into the head and never told the Wardens how to put it down.,The Hexwrights bound a storm into the head and never told the Wardens how to put it down.,符文匠把一场风暴封进了弹头，却从没告诉卫士该怎么把它按下去。
Heavy single-target magic. Long stun on the target.,Heavy single-target magic. Long stun on the target.,重型单体魔法。对目标造成长时间眩晕。
"Stamped at the Ninth Foundry, four-bolt pattern, built for a frontier that needed walls cleared faster than it had men.","Stamped at the Ninth Foundry, four-bolt pattern, built for a frontier that needed walls cleared faster than it had men.",第九铸造厂出品，四发型号，为一条城墙清得比补兵还快的边境线而造。
Long-range siege barrage. Four bolts to four targets.,Long-range siege barrage. Four bolts to four targets.,远程攻城齐射。四发弹射向四个目标。
Wardens who stood too long beside a failing reactor learned to wear the burn; this makes a weapon of it.,Wardens who stood too long beside a failing reactor learned to wear the burn; this makes a weapon of it.,在故障反应堆旁站得太久的卫士学会了把灼伤穿在身上；而这件东西把灼伤变成了武器。
Chaos area pulse around the tank. Stacks fire on everything near.,Chaos area pulse around the tank. Stacks fire on everything near.,坦克周身的混沌范围脉冲。对附近一切叠加火焰。
"Salvaged off the Ashmark sappers, who swung once and let the ground carry the rest of the argument.","Salvaged off the Ashmark sappers, who swung once and let the ground carry the rest of the argument.",从艾什马克的工兵身上扒来的——他们只挥一下，剩下的道理交给大地去讲。
"Point-blank normal wave. Big sweeping hit, nothing applied.","Point-blank normal wave. Big sweeping hit, nothing applied.",贴脸普通波。大范围横扫，无附加效果。
A Hexwright trinket that does its own targeting; the Conclave swears it was never meant to leave the vault.,A Hexwright trinket that does its own targeting; the Conclave swears it was never meant to leave the vault.,一件会自己锁定目标的符文匠小玩意；议政会发誓它本不该流出地库。
Single-target piercing chain. Bounces to four enemies.,Single-target piercing chain. Bounces to four enemies.,单体穿刺连锁。弹射至四名敌人。
The Foundry built one and then could not stop building it; each copy makes the next cheaper to feed.,The Foundry built one and then could not stop building it; each copy makes the next cheaper to feed.,铸造厂造出一台后便停不下来；每多一台，下一台的供养就更便宜。
Single-target chaos. Damage compounds per Death Engine owned.,Single-target chaos. Damage compounds per Death Engine owned.,单体混沌。每拥有一台死亡引擎，伤害叠乘增长。
"First rite the Conclave teaches its apprentices, and the last thing a great many things ever saw.","First rite the Conclave teaches its apprentices, and the last thing a great many things ever saw.",议政会教给学徒的第一道仪式，也是许许多多东西见到的最后一幕。
"Single-target magic. Plain bolt, no status.","Single-target magic. Plain bolt, no status.",单体魔法。普通弹，无状态。
"A rock the Greycoats no longer had to carry, thrown at a problem they no longer had to name.","A rock the Greycoats no longer had to carry, thrown at a problem they no longer had to name.",一块灰袍兵再不必背着的石头，砸向一个他们再不必叫出名字的麻烦。
"Single-target siege. Heavy stone, no status.","Single-target siege. Heavy stone, no status.",单体攻城。重石，无状态。
"Conclave-cut and clean, with none of the frost or fire the Hexwrights add when they want to be remembered.","Conclave-cut and clean, with none of the frost or fire the Hexwrights add when they want to be remembered.",议政会切削得干净利落，没有符文匠想被记住时添上的那些冰霜与火焰。
"Single-target magic. Quick, plain hit.","Single-target magic. Quick, plain hit.",单体魔法。快速、朴素的一击。
"Whatever the Conclave sealed in here predates the war, and it leaves armor unconvinced.","Whatever the Conclave sealed in here predates the war, and it leaves armor unconvinced.",议政会封在里头的东西，比这场战争还古老，护甲对它毫无说服力。
Single-target chaos. Ignores armor type.,Single-target chaos. Ignores armor type.,单体混沌。无视护甲类型。
"Greycoat sidearms, three to a belt, meant for the work that happens after the line already broke.","Greycoat sidearms, three to a belt, meant for the work that happens after the line already broke.",灰袍兵的副武器，一条腰带挂三把，专为防线已破之后的活计而备。
"Short-range piercing chain. Fast, bounces to three.","Short-range piercing chain. Fast, bounces to three.",近程穿刺连锁。快速，弹射至三人。
The Conclave renders down the heads of its own dead and stuffs them with worse; they remember whose they were.,The Conclave renders down the heads of its own dead and stuffs them with worse; they remember whose they were.,议政会熔炼自家死者的头颅，塞进更糟的东西；它们还记得自己曾属于谁。
Chaos chain. Bounces between three bodies.,Chaos chain. Bounces between three bodies.,混沌连锁。在三具躯体间弹射。
Suckula sleeps all day and feasts all night; every bite it lands comes straight back to you as a little more life.,Suckula sleeps all day and feasts all night; every bite it lands comes straight back to you as a little more life.,吸血鬼整日酣睡、彻夜饕餮；它每咬中一口，都化作一点生命径直回流到你身上。
"Heavy point-blank chaos wave. Slow, vampiric on the base item.","Heavy point-blank chaos wave. Slow, vampiric on the base item.",重型贴脸混沌波。缓慢，基础物品自带吸血。
"Eight tubes off the Ashmark batteries, recovered from a position that fired this volley once and was overrun anyway.","Eight tubes off the Ashmark batteries, recovered from a position that fired this volley once and was overrun anyway.",从艾什马克炮组上拆下的八管发射器，回收自一处放完这一轮齐射、终究还是被攻破的阵地。
"Epic long-range piercing barrage. Eight bolts, each stuns.","Epic long-range piercing barrage. Eight bolts, each stuns.",史诗级远程穿刺齐射。八发弹，每发眩晕。
A Warden glaive cut to find its mark across the open ground command never reinforced.,A Warden glaive cut to find its mark across the open ground command never reinforced.,一柄卫士长刃，磨利了只为越过指挥部从不增援的开阔地，找到它的目标。
Long-range piercing chain. Bounces to three.,Long-range piercing chain. Bounces to three.,远程穿刺连锁。弹射至三人。
"Ninth Foundry pressure-rig, the kind that scalds the loader as readily as the target.","Ninth Foundry pressure-rig, the kind that scalds the loader as readily as the target.",第九铸造厂的高压装置，烫起装填手来和烫目标一样利落。
Short-range siege splash. Brief stun on hit.,Short-range siege splash. Brief stun on hit.,近程攻城溅射。命中造成短暂眩晕。
"The Conclave does not say where this eye came from, only that it chooses, and the choosing is final.","The Conclave does not say where this eye came from, only that it chooses, and the choosing is final.",议政会不说这只眼睛从何而来，只说它会挑选，而挑选无可更改。
"Heavy single-target chaos. Pure punch, no status.","Heavy single-target chaos. Pure punch, no status.",重型单体混沌。纯粹打击，无状态。
"Warden spearwork, made for the press at the wire where there is no room to miss.","Warden spearwork, made for the press at the wire where there is no room to miss.",卫士的长矛技艺，为铁丝网前那拥挤得容不下半点失手的近战而生。
Fast single-target piercing. Short stun.,Fast single-target piercing. Short stun.,快速单体穿刺。短暂眩晕。
"A Hexwright cloud of small wrong things, loosed long over the Ashmark dead and quiet after.","A Hexwright cloud of small wrong things, loosed long over the Ashmark dead and quiet after.",符文匠放出的一团细小的歪斜之物，远远撒过艾什马克的死者，过后便归于沉寂。
Long-range chaos splash. Spreads on impact.,Long-range chaos splash. Spreads on impact.,远程混沌溅射。命中时扩散。
"Foundry stonework, short-ranged and unsubtle, built for a line that had run out of subtler answers.","Foundry stonework, short-ranged and unsubtle, built for a line that had run out of subtler answers.",铸造厂的投石器，射程短而粗暴，为一条再无精巧之法的防线而造。
Short-range siege single-target. Heavy stone.,Short-range siege single-target. Heavy stone.,近程攻城单体。重石。
"One enormous open-palm Slap, delivered with the full indignation of a creature that was having a perfectly nice day.","One enormous open-palm Slap, delivered with the full indignation of a creature that was having a perfectly nice day.",一记巨大的张掌掴击，饱含一只本来今天过得相当不错的生物的全部愤慨。
"Epic single-target piercing. Enormous hit, no status.","Epic single-target piercing. Enormous hit, no status.",史诗级单体穿刺。巨额伤害，无状态。
The Greycoats took to calling this one mercy and kept walking; whatever it touches stops being a leg.,The Greycoats took to calling this one mercy and kept walking; whatever it touches stops being a leg.,灰袍兵把这一击叫作仁慈，然后头也不回地走开；它碰过的东西就不再算是条腿了。
Heavy single-target piercing. Lasting wound on the base item.,Heavy single-target piercing. Lasting wound on the base item.,重型单体穿刺。基础物品造成持续性创伤。
A Warden exotic that takes from the wrong end of the wound and gives it back to the gunner.,A Warden exotic that takes from the wrong end of the wound and gives it back to the gunner.,一件卫士奇械，从伤口错误的那一端抽取，再回赠给射手。
Long-range normal single-target. Feeds you on the base item.,Long-range normal single-target. Feeds you on the base item.,远程普通单体。基础物品为你回血。
"Conclave-honed thought given an edge, cutting outbound and again on the return.","Conclave-honed thought given an edge, cutting outbound and again on the return.",议政会磨利的念头被赋予锋刃，去时一斩，归途再斩。
Magic chain. Carves through four.,Magic chain. Carves through four.,魔法连锁。贯穿四人。
"No Hexwright trick on this one, just Foundry steel that refuses to lie where it lands.","No Hexwright trick on this one, just Foundry steel that refuses to lie where it lands.",这件没有符文匠的把戏，只是落地后拒绝安分的铸造厂钢铁。
Normal chain. Bounces to three.,Normal chain. Bounces to three.,普通连锁。弹射至三人。
"Spikewheel off the Ashmark works, set rolling once and never minded the men behind it.","Spikewheel off the Ashmark works, set rolling once and never minded the men behind it.",从艾什马克工坊出来的尖刺轮，推它滚一回，它便从不在意身后的人。
Long-range siege chain. Bounces through six.,Long-range siege chain. Bounces through six.,远程攻城连锁。穿过六人弹射。
"Whatever the Greycoats could not bury, they loaded; the ledger lists it as ammunition.","Whatever the Greycoats could not bury, they loaded; the ledger lists it as ammunition.",灰袍兵埋不掉的东西，就拿来装填；账册上把它登记作弹药。
"Normal splash. Heavy impact, brief stun.","Normal splash. Heavy impact, brief stun.",普通溅射。重击，短暂眩晕。
Conclave hardware that discharges clean and leaves the smell on the air longer than the target.,Conclave hardware that discharges clean and leaves the smell on the air longer than the target.,议政会的硬货，放电干净，留在空气里的气味比目标待得还久。
Single-target magic. Stuns on hit.,Single-target magic. Stuns on hit.,单体魔法。命中眩晕。
"Barbs the Greycoats scavenged off something the Conclave should have burned, each one a small lasting debt.","Barbs the Greycoats scavenged off something the Conclave should have burned, each one a small lasting debt.",灰袍兵从某件议政会本该烧掉的东西上扒下的倒刺，每一根都是一笔持续的小债。
Single-target piercing. Light poison rot.,Single-target piercing. Light poison rot.,单体穿刺。轻度中毒腐蚀。
"A Hexwright thing that lands still living, briefly, and leaves the target the same way.","A Hexwright thing that lands still living, briefly, and leaves the target the same way.",一件符文匠造物，落地时仍短暂地活着，也让目标以同样的方式苟延。
Single-target magic. Trickling poison.,Single-target magic. Trickling poison.,单体魔法。渗滴式中毒。
"Foundry shell packed over a Greycoat sickness, so the crater goes on killing after the blast is done.","Foundry shell packed over a Greycoat sickness, so the crater goes on killing after the blast is done.",铸造厂的炮弹里裹着灰袍兵的瘟病，于是爆炸过后，弹坑仍在继续杀人。
Siege splash. Poisons the whole crater.,Siege splash. Poisons the whole crater.,攻城溅射。使整个弹坑中毒。
"One bite, by a thing the Conclave bred and refuses to account for; the rest is only the waiting.","One bite, by a thing the Conclave bred and refuses to account for; the rest is only the waiting.",议政会培育却拒绝交代的东西，只咬一口；剩下的不过是等待。
Single-target normal. Strong poison rot.,Single-target normal. Strong poison rot.,单体普通。强力中毒腐蚀。
"They told it the safe load at the Ninth Foundry, and the catapult overruled them in stone.","They told it the safe load at the Ninth Foundry, and the catapult overruled them in stone.",第九铸造厂给它定了安全装填量，投石机用石头驳回了他们。
"Heavy siege splash. Bigger rock, bigger hole.","Heavy siege splash. Bigger rock, bigger hole.",重型攻城溅射。石头更大，坑更大。
A Conclave reach out of nowhere that closes on whatever the gunner could least spare.,A Conclave reach out of nowhere that closes on whatever the gunner could least spare.,议政会凭空伸出的一只手，攥住射手最输不起的那一处。
Single-target chaos. Stuns on hit.,Single-target chaos. Stuns on hit.,单体混沌。命中眩晕。
"Greycoat netting, weighted and thrown, because a thing on the floor counting threads is a thing not at the wire.","Greycoat netting, weighted and thrown, because a thing on the floor counting threads is a thing not at the wire.",灰袍兵的网，坠重抛出，因为一个趴在地上数网线的东西，就不会出现在铁丝网前。
Fast long-range normal single-target. Tangling stun.,Fast long-range normal single-target. Tangling stun.,快速远程普通单体。缠绕眩晕。
The Hexwrights seeded this ground and walked away; what grew has its own opinion about trespass.,The Hexwrights seeded this ground and walked away; what grew has its own opinion about trespass.,符文匠在这片地上播了种便扬长而去；长出来的东西对擅闯自有看法。
Wide piercing area pulse. Hits everything near.,Wide piercing area pulse. Hits everything near.,大范围穿刺范围脉冲。命中附近一切。
"A Conclave spirit that died once already and took the lesson badly, loosed to chain through a column.","A Conclave spirit that died once already and took the lesson badly, loosed to chain through a column.",一缕已经死过一次、却没把教训学好的议政会亡魂，被放出来在纵队中连锁穿行。
Epic magic chain. Wails through eight.,Epic magic chain. Wails through eight.,史诗级魔法连锁。哀嚎着穿过八人。
"A Hexwright reactor's exhale, a clean white nothing the Wardens learned to point downrange.","A Hexwright reactor's exhale, a clean white nothing the Wardens learned to point downrange.",符文匠反应堆的一口吐息，一片洁白的虚无，卫士学会了把它指向远处。
"Point-blank magic wave. Sweeps wide, stuns.","Point-blank magic wave. Sweeps wide, stuns.",贴脸魔法波。大范围横扫，眩晕。
"A full rack of Ninth Foundry warheads, every casing serial-stamped and none of them aimed at anyone in particular.","A full rack of Ninth Foundry warheads, every casing serial-stamped and none of them aimed at anyone in particular.",一整架第九铸造厂的弹头，每个弹壳都打了序列号，却没有一个特意瞄准谁。
"Long chaos barrage. Twelve warheads to scattered targets, no status.","Long chaos barrage. Twelve warheads to scattered targets, no status.",远程混沌齐射。十二枚弹头射向分散目标，无状态。
The Hexwrights bottled the night Ashmark froze and packed it behind a fuse.,The Hexwrights bottled the night Ashmark froze and packed it behind a fuse.,符文匠把艾什马克冻结的那一夜装进瓶里，封在了引信之后。
Fast piercing splash. Stacks frost on the cluster.,Fast piercing splash. Stacks frost on the cluster.,快速穿刺溅射。对集群叠加冰霜。
"A Foundry reject that never machined round, so the Greycoats let it loose to crack heads instead.","A Foundry reject that never machined round, so the Greycoats let it loose to crack heads instead.",一件铸造厂的废品，怎么也车不圆，灰袍兵索性放它出去砸脑袋。
"Normal bounce. Four hops, each stuns.","Normal bounce. Four hops, each stuns.",普通弹射。弹跳四次，每次眩晕。
"The Pale Wardens cut this from the field after the Relief failed to come, and it has been hungry since.","The Pale Wardens cut this from the field after the Relief failed to come, and it has been hungry since.",援军终未抵达后，苍白卫士从战场上割下了它，自那以后它便一直饥饿。
Epic normal bounce. Chains four; feeds the tank.,Epic normal bounce. Chains four; feeds the tank.,史诗级普通弹射。连锁四人；为坦克回血。
"Foundry-town surplus by the crateload, cheap enough that the quartermaster stopped counting them.","Foundry-town surplus by the crateload, cheap enough that the quartermaster stopped counting them.",铸造城镇成箱的剩货，便宜到军需官懒得再清点。
"Fast normal splash. Rapid small bursts, no status.","Fast normal splash. Rapid small bursts, no status.",快速普通溅射。急促的小型爆发，无状态。
"Warden arrows wrapped in Foundry pitch, lit one rank at a time the way the line always burns.","Warden arrows wrapped in Foundry pitch, lit one rank at a time the way the line always burns.",裹着铸造厂沥青的卫士箭，一排排点燃，正如防线一贯的燃烧方式。
"Piercing barrage. Four shots, each stacks fire.","Piercing barrage. Four shots, each stacks fire.",穿刺齐射。四发，每发叠加火焰。
The Conclave strung this between the Ashmark dead and called the rot it leaves a side effect.,The Conclave strung this between the Ashmark dead and called the rot it leaves a side effect.,议政会把它系在艾什马克的死者之间，还把它留下的腐烂称作副作用。
Chaos bounce. Six links; leaves poison.,Chaos bounce. Six links; leaves poison.,混沌弹射。六段连锁；留下中毒。
"Hexwright work meant for close quarters, borrowing more power than the gunner can hold.","Hexwright work meant for close quarters, borrowing more power than the gunner can hold.",符文匠为近战打造的活计，借来的力量多过射手所能掌控。
Short magic bounce. Chains four.,Short magic bounce. Chains four.,近程魔法弹射。连锁四人。
Ladled straight from a Ninth Foundry crucible and slung before it cools.,Ladled straight from a Ninth Foundry crucible and slung before it cools.,直接从第九铸造厂的坩埚里舀出，趁还没冷却就甩了出去。
Fast siege single-target. Stacks fire.,Fast siege single-target. Stacks fire.,快速攻城单体。叠加火焰。
Catapult ammunition the Greycoats stripped from Ashmark's broken walls and lobbed back.,Catapult ammunition the Greycoats stripped from Ashmark's broken walls and lobbed back.,灰袍兵从艾什马克残墙上拆下、再抛回去的投石机弹药。
"Short normal splash. Crushing impact, no status.","Short normal splash. Crushing impact, no status.",近程普通溅射。粉碎性撞击，无状态。
The Wardens worked these into the dirt of the last yard the night before they were overrun.,The Wardens worked these into the dirt of the last yard the night before they were overrun.,卫士在阵地被攻破的前一夜，把这些埋进了最后一码土地里。
Epic normal wave. Heavy sweep; stuns.,Epic normal wave. Heavy sweep; stuns.,史诗级普通波。重型横扫；眩晕。
"Shroom Doom seeds a whole patch of angry caps; they pop in a chain, and what survives the blast gets up as your Spores.","Shroom Doom seeds a whole patch of angry caps; they pop in a chain, and what survives the blast gets up as your Spores.",蘑菇末日播下一整片暴怒的菌盖；它们连锁爆裂，而从爆炸中幸存的，会作为你的孢子重新站起。
Epic chaos pulse. Massive fire stacks; stuns.,Epic chaos pulse. Massive fire stacks; stuns.,史诗级混沌脉冲。海量火焰叠层；眩晕。
"The Ninth Foundry never meant for one furnace to feed a whole field, but the war stopped asking.","The Ninth Foundry never meant for one furnace to feed a whole field, but the war stopped asking.",第九铸造厂从没打算用一座熔炉喂养整片战场，但战争已经懒得征求意见。
Epic magic pulse. Buries a pack in fire stacks.,Epic magic pulse. Buries a pack in fire stacks.,史诗级魔法脉冲。用火焰叠层埋葬一群敌人。
"Standard Foundry issue for the front rank, where the line meets the dark and rarely holds.","Standard Foundry issue for the front rank, where the line meets the dark and rarely holds.",前排的铸造厂标准制式，那里防线撞上黑暗，鲜少能守住。
Fast piercing splash. Stacks fire.,Fast piercing splash. Stacks fire.,快速穿刺溅射。叠加火焰。
"The Foundry-towns tap the deep crucibles for this, and what it spits keeps burning long after Ashmark's example.","The Foundry-towns tap the deep crucibles for this, and what it spits keeps burning long after Ashmark's example.",铸造城镇为它启用了深层坩埚，它喷出的东西在艾什马克的前车之鉴之后仍燃烧不息。
Epic long siege splash. Heavy fire stacks.,Epic long siege splash. Heavy fire stacks.,史诗级远程攻城溅射。重型火焰叠层。
"A single sliver of the cold that took Ashmark, fired again and again until something stops.","A single sliver of the cold that took Ashmark, fired again and again until something stops.",吞没艾什马克的那股寒意的一缕碎片，一遍遍发射，直到有什么停下来。
Fast piercing single-target. Stacks frost.,Fast piercing single-target. Stacks frost.,快速穿刺单体。叠加冰霜。
Conclave frost that does not wait to be aimed; it spreads the way the Ashmark winter spread.,Conclave frost that does not wait to be aimed; it spreads the way the Ashmark winter spread.,议政会的寒霜，不等人瞄准；它扩散的方式，就像艾什马克的寒冬扩散一样。
Magic splash. Spreads frost on impact.,Magic splash. Spreads frost on impact.,魔法溅射。命中时扩散冰霜。
The Hexwrights bound a piece of that killing winter to a frame and could never make it stop.,The Hexwrights bound a piece of that killing winter to a frame and could never make it stop.,符文匠把那场杀人寒冬的一角缚进框架，却再也没能让它停下。
Epic magic pulse. Frosts a huge radius toward freeze.,Epic magic pulse. Frosts a huge radius toward freeze.,史诗级魔法脉冲。在巨大范围内叠加冰霜直至冻结。
"Ashmark-cold shards racked by the Greycoats, four to a volley, ledgered by the dozen.","Ashmark-cold shards racked by the Greycoats, four to a volley, ledgered by the dozen.",灰袍兵架起的艾什马克寒霜碎片，一轮四发，按打记账。
"Normal barrage. Four hits, each stacks frost.","Normal barrage. Four hits, each stacks frost.",普通齐射。四发，每发叠加冰霜。
"The first thing the quartermaster hands a green Greycoat, and the cheapest line in the ledger.","The first thing the quartermaster hands a green Greycoat, and the cheapest line in the ledger.",军需官发给菜鸟灰袍兵的第一样东西，也是账册上最便宜的一项。
"Fast piercing barrage. Three blades, no status.","Fast piercing barrage. Three blades, no status.",快速穿刺齐射。三片刃，无状态。
"Blunt Foundry overrun, loud and serial-stamped, sold by weight to the Wardens.","Blunt Foundry overrun, loud and serial-stamped, sold by weight to the Wardens.",粗钝的铸造厂过剩品，吵闹又打着序列号，按斤卖给卫士。
Fast siege single-target. No status.,Fast siege single-target. No status.,快速攻城单体。无状态。
"A Greycoat deserter's rifle, recovered from Ashmark with the scope still sighted on a fleeing back.","A Greycoat deserter's rifle, recovered from Ashmark with the scope still sighted on a fleeing back.",一名灰袍逃兵的步枪，从艾什马克回收时，瞄准镜还对准着一个逃跑的背影。
Fast long normal single-target. No status.,Fast long normal single-target. No status.,快速远程普通单体。无状态。
Ninth Foundry charges that the Greycoats lob underhand and never look back at.,Ninth Foundry charges that the Greycoats lob underhand and never look back at.,灰袍兵低手抛出、绝不回头看一眼的第九铸造厂炸药。
Short siege splash. Brief stun.,Short siege splash. Brief stun.,近程攻城溅射。短暂眩晕。
"A single precise Sting from a very small, very offended thing — and suddenly the target is taking everyone's hits much harder.","A single precise Sting from a very small, very offended thing — and suddenly the target is taking everyone's hits much harder.",一只极小、极其被冒犯的东西精准地蜇上一针——目标突然就承受起所有人的攻击，痛得多了。
Long chaos single-target. No status.,Long chaos single-target. No status.,远程混沌单体。无状态。
"Somebody's skull, packed by the Greycoats with worse and stamped for the line.","Somebody's skull, packed by the Greycoats with worse and stamped for the line.",某人的头骨，被灰袍兵塞进更糟的东西，盖章发往前线。
Chaos splash. Bursts and stuns.,Chaos splash. Bursts and stuns.,混沌溅射。爆裂并眩晕。
"Foundry casings charged with Ashmark's leftover cold, breathed out across the crater.","Foundry casings charged with Ashmark's leftover cold, breathed out across the crater.",填着艾什马克残留寒意的铸造厂弹壳，把寒气吐遍整个弹坑。
Siege splash. Frosts the blast.,Siege splash. Frosts the blast.,攻城溅射。使爆炸范围结霜。
"The Conclave sends the cold out in a line now, the way the news of Ashmark traveled the front.","The Conclave sends the cold out in a line now, the way the news of Ashmark traveled the front.",议政会如今把寒意排成一线放出，就像艾什马克的消息传遍前线的样子。
Magic wave. Sweeps and frosts.,Magic wave. Sweeps and frosts.,魔法波。横扫并结霜。
"A wall of Foundry-fire walked forward across the dirt, the way the front rank is supposed to and no longer can.","A wall of Foundry-fire walked forward across the dirt, the way the front rank is supposed to and no longer can.",一堵铸造厂之火砌成的墙在泥地上向前推进，正如前排本该做却再也做不到的那样。
Normal wave. Sweeps; heavy fire stacks.,Normal wave. Sweeps; heavy fire stacks.,普通波。横扫；重型火焰叠层。
A Hexwright spark that flickers out and carries a sliver of the gunner back with each kill.,A Hexwright spark that flickers out and carries a sliver of the gunner back with each kill.,一簇符文匠的火花，熄灭时每杀一个，就带回一缕射手的生机。
Fast chaos single-target. Heals the tank.,Fast chaos single-target. Heals the tank.,快速混沌单体。为坦克回血。
The Conclave taught it to drink an enemy's borrowed power before it spends the enemy.,The Conclave taught it to drink an enemy's borrowed power before it spends the enemy.,议政会教会它在耗尽敌人之前，先喝光敌人借来的力量。
Fast long magic single-target. No status.,Fast long magic single-target. No status.,快速远程魔法单体。无状态。
Squirm keeps a wriggling brood in reserve; every kill it lands hatches another hungry Larva to join the march.,Squirm keeps a wriggling brood in reserve; every kill it lands hatches another hungry Larva to join the march.,蠕虫备着一窝扭动的幼崽；它每杀一个，就孵出又一只饥饿的幼虫加入行进。
Epic long chaos single-target. No status.,Epic long chaos single-target. No status.,史诗级远程混沌单体。无状态。
Warden field-rig that wraps the tank in Foundry heat and makes the burn everyone else's problem.,Warden field-rig that wraps the tank in Foundry heat and makes the burn everyone else's problem.,卫士的野战装置，用铸造厂的高温裹住坦克，把灼烧变成别人的麻烦。
Rapid magic wave. Constant fire near the tank.,Rapid magic wave. Constant fire near the tank.,急速魔法波。坦克附近持续燃烧。
"Boom Bloom scatters a tidy little garden of pop-when-touched buds across the last yard, and the front rank finds every one.","Boom Bloom scatters a tidy little garden of pop-when-touched buds across the last yard, and the front rank finds every one.",轰鸣花在最后一码土地上撒下一座整齐的小花园，花蕾一碰即炸，而前排会把每一朵都踩中。
"Epic siege wave. Fast, brutal; stuns.","Epic siege wave. Fast, brutal; stuns.",史诗级攻城波。快速、残暴；眩晕。
"A Warden quill-rig recovered off Ashmark, sprung once across a whole closing cluster.","A Warden quill-rig recovered off Ashmark, sprung once across a whole closing cluster.",从艾什马克回收的卫士尖刺装置，对一整群逼近的敌人弹射一回。
"Long piercing splash. Sprays the cluster, no status.","Long piercing splash. Sprays the cluster, no status.",远程穿刺溅射。喷射整个集群，无状态。
"Pure Conclave intention let off all at once, the kind of borrowing the Hexwrights regret in the morning.","Pure Conclave intention let off all at once, the kind of borrowing the Hexwrights regret in the morning.",纯粹的议政会意志一次性倾泻而出，正是那种符文匠到了早上会后悔的借贷。
Long magic splash. Detonates on impact.,Long magic splash. Detonates on impact.,远程魔法溅射。命中即引爆。
"The sky pays the Ninth Foundry's debts all at once, then makes the line wait a long time for the next installment.","The sky pays the Ninth Foundry's debts all at once, then makes the line wait a long time for the next installment.",天空一次性偿清第九铸造厂的债，然后让前线为下一期分期苦等许久。
Epic siege barrage. Eight meteors; long reload.,Epic siege barrage. Eight meteors; long reload.,史诗级攻城齐射。八颗陨石；长冷却。
"A keg the Greycoats meant for after the Relief came, lit and thrown instead.","A keg the Greycoats meant for after the Relief came, lit and thrown instead.",灰袍兵本想留到援军抵达后再开的一桶酒，结果点着了扔了出去。
Fast siege splash. Heals the tank.,Fast siege splash. Heals the tank.,快速攻城溅射。为坦克回血。
Quick mean Conclave work that goes through armor like it was never logged.,Quick mean Conclave work that goes through armor like it was never logged.,又快又狠的议政会手艺，穿透护甲就像它从未登记在册。
Fast long chaos single-target. Ignores armor types.,Fast long chaos single-target. Ignores armor types.,快速远程混沌单体。无视护甲类型。
"Hexwright lightning bound to circle the tank, and standing near it is the gunner's own decision.","Hexwright lightning bound to circle the tank, and standing near it is the gunner's own decision.",符文匠的闪电被缚住绕坦克盘旋，站到它近旁是射手自己的决定。
Wide magic pulse. Shocks everything around.,Wide magic pulse. Shocks everything around.,大范围魔法脉冲。电击周围一切。
"The Conclave wired this to hum off the enemy's own borrowed mana, and things near it stop humming.","The Conclave wired this to hum off the enemy's own borrowed mana, and things near it stop humming.",议政会把它接线成靠敌人借来的法力嗡鸣，而它近旁的东西就不再嗡鸣了。
Long magic single-target. No status.,Long magic single-target. No status.,远程魔法单体。无状态。
"Foundry-fire let off in a bloom, the way the front rank goes when the line finally breaks.","Foundry-fire let off in a bloom, the way the front rank goes when the line finally breaks.",铸造厂之火绽放着释放，正如防线终于崩溃时前排的下场。
Chaos pulse. Erupts fire around the tank.,Chaos pulse. Erupts fire around the tank.,混沌脉冲。在坦克周围喷发火焰。
A Ninth Foundry coil that taps fast enough to leave no gap between the taps.,A Ninth Foundry coil that taps fast enough to leave no gap between the taps.,一具第九铸造厂的线圈，放电快到两次之间不留半点空隙。
Rapid long siege pulse. Near-constant stun-lock.,Rapid long siege pulse. Near-constant stun-lock.,急速远程攻城脉冲。近乎持续的眩晕锁。
Tangle throws out a snarl of sticky vine that pins a thing right where it stands and politely refuses to let go.,Tangle throws out a snarl of sticky vine that pins a thing right where it stands and politely refuses to let go.,缠藤甩出一团黏稠的藤蔓乱结，把目标牢牢钉在原地，再礼貌地拒绝松手。
Fast epic normal single-target. Roots the target in place.,Fast epic normal single-target. Roots the target in place.,快速史诗级普通单体。将目标定身于原地。
"Foundry stamps this kit ""general issue,"" the catch-all crate the Wardens hand out when nothing specialized survived the haul from Ashmark.","Foundry stamps this kit ""general issue,"" the catch-all crate the Wardens hand out when nothing specialized survived the haul from Ashmark.","铸造厂把这套装备盖章为""通用制式""——当从艾什马克运来的特种货一样都没剩下时，卫士就发这只大杂烩箱子。"
+10% to all weapon damage.,+10% to all weapon damage.,所有武器伤害 +10%。
"Hexwrights ground these heads to a finer point than the Foundry would risk, and the Wardens never asked how.","Hexwrights ground these heads to a finer point than the Foundry would risk, and the Wardens never asked how.",符文匠把这些箭头磨得比铸造厂敢冒的险还要尖，而卫士从没问过是怎么做到的。
Improved Piercing Attacks: +10% piercing damage.,Improved Piercing Attacks: +10% piercing damage.,强化穿刺攻击：穿刺伤害 +10%。
"Recovered from the Ashmark siege-works, calibrated for walls that fell the night the line broke.","Recovered from the Ashmark siege-works, calibrated for walls that fell the night the line broke.",回收自艾什马克的攻城工事，校准目标是防线崩溃那夜倒下的城墙。
Improved Siege Attacks: +10% siege damage.,Improved Siege Attacks: +10% siege damage.,强化攻城攻击：攻城伤害 +10%。
"The Conclave bottles a little more of what it borrows, and signs none of it.","The Conclave bottles a little more of what it borrows, and signs none of it.",议政会把借来的东西多装进瓶里一点，却一笔都不签字。
Improved Magic Attacks: +10% magic damage.,Improved Magic Attacks: +10% magic damage.,强化魔法攻击：魔法伤害 +10%。
Foundry overrun stamped EPIC and locked in the deep vault; the Wardens were told it would never leave Ashmark.,Foundry overrun stamped EPIC and locked in the deep vault; the Wardens were told it would never leave Ashmark.,"铸造厂的过剩品，盖着""史诗""章锁进深层地库；卫士被告知它永远不会离开艾什马克。"
"+25% damage, multiplicative on top.","+25% damage, multiplicative on top.",伤害 +25%，额外叠乘计算。
"A Hexwright governor wired into the firing chain, shaving the pause the Foundry built in for safety.","A Hexwright governor wired into the firing chain, shaving the pause the Foundry built in for safety.",一具接入击发链路的符文匠调速器，削掉了铸造厂为安全预留的那段停顿。
Rapidfire: +10% attack speed.,Rapidfire: +10% attack speed.,速射：攻击速度 +10%。
"The quartermaster's ledger pays a premium per body, settled out of whatever the Greycoats strip off the field.","The quartermaster's ledger pays a premium per body, settled out of whatever the Greycoats strip off the field.",军需官的账册按尸体加价结算，从灰袍兵在战场上扒来的东西里抵付。
Bounty Hunter: +50% gold per kill.,Bounty Hunter: +50% gold per kill.,赏金猎人：每次击杀金币 +50%。
"A Hexwright-tapped seam that pays the gunner in coin and in mending both, the ledger and the surgeon settled from one vein.","A Hexwright-tapped seam that pays the gunner in coin and in mending both, the ledger and the surgeon settled from one vein.",一道符文匠开掘的矿脉，既以金币也以治愈支付射手，账册与军医从同一条矿脉结清。
"Entangled Gold Mine: +20 income, 25% of it healed.","Entangled Gold Mine: +20 income, 25% of it healed.",纠缠金矿：收入 +20，其中 25% 转化为治疗。
"The quartermaster skims a margin off every coin the Greycoats turn in, and the ledger never forgets.","The quartermaster skims a margin off every coin the Greycoats turn in, and the ledger never forgets.",军需官从灰袍兵上缴的每一枚金币里揩一层油，账册从不遗忘。
+10% to passive income.,+10% to passive income.,被动收入 +10%。
"A heavier cut, written into the ledger by a quartermaster who stopped pretending the conscripts would be paid.","A heavier cut, written into the ledger by a quartermaster who stopped pretending the conscripts would be paid.",更狠的一笔抽成，由一位不再假装会给征召兵发饷的军需官写进账册。
+25% to passive income.,+25% to passive income.,被动收入 +25%。
"The quartermaster keeps a crooked ledger; now and then a body settles for far more than its line was worth, and pays the premium too.","The quartermaster keeps a crooked ledger; now and then a body settles for far more than its line was worth, and pays the premium too.",军需官记着一本歪账；时不时有具尸体结算得远超它那一行该值的价，溢价也一并付清。
Transmute: +100% bounty; 5% of kills pay triple.,Transmute: +100% bounty; 5% of kills pay triple.,嬗变：赏金 +100%；5% 的击杀支付三倍。
"Warden masons doubled the wall on the wall they already had, the way a siege teaches you to never stop pouring stone.","Warden masons doubled the wall on the wall they already had, the way a siege teaches you to never stop pouring stone.",卫士的石匠在已有的墙上又砌了一倍的墙，正如围城教会你的：永远别停下浇石。
"Imbued Masonry: +2000 max HP, then +25%.","Imbued Masonry: +2000 max HP, then +25%.",灌注砌石：最大生命 +2000，再 +25%。
"Foundry hull-shave, rolled too thin in the rush but thick enough to turn what the Relief left you to face.","Foundry hull-shave, rolled too thin in the rush but thick enough to turn what the Relief left you to face.",铸造厂的舱体薄板，赶工时压得太薄，却也够厚，能挡住援军留给你独自面对的东西。
+10 flat armor. Shaves every hit.,+10 flat armor. Shaves every hit.,固定护甲 +10。削减每次受击。
"A Hexwright spring fed into the hull, the borrowed skin topping itself off the way a well does.","A Hexwright spring fed into the hull, the borrowed skin topping itself off the way a well does.",一眼接入舱体的符文匠泉源，借来的外皮像井水一样自行回满。
"Moonwell: +2000 mana shield, regenerating.","Moonwell: +2000 mana shield, regenerating.",月亮井：法力护盾 +2000，持续再生。
The Relief that never came included field-surgeons; the Wardens improvised this drip in their absence.,The Relief that never came included field-surgeons; the Wardens improvised this drip in their absence.,那支始终没来的援军里本该有战地军医；卫士在他们缺席时临时凑出了这套点滴。
+50 HP regen per tick.,+50 HP regen per tick.,每跳生命再生 +50。
A Warden's last trick when the line is held and the Relief is a rumor: be where the blow is not.,A Warden's last trick when the line is held and the Relief is a rumor: be where the blow is not.,当防线还守着、援军只是个传闻时，卫士最后的招数：人不在挨打的地方。
Evasion: +10% chance to dodge a hit.,Evasion: +10% chance to dodge a hit.,闪避：+10% 几率躲开一次攻击。
"The longer the war drags on, the heavier the Foundry's old governor leans into the firing chain.","The longer the war drags on, the heavier the Foundry's old governor leans into the firing chain.",战争拖得越久，铸造厂那具老调速器就越用力压向击发链路。
"Power Generator: +2% damage now, +1% every round.","Power Generator: +2% damage now, +1% every round.",动力发生器：当前伤害 +2%，每回合 +1%。
"The Conclave warned that borrowed chaos compounds with every round it sits unrepaid, and The Hippocrate is still on the horizon.","The Conclave warned that borrowed chaos compounds with every round it sits unrepaid, and The Hippocrate is still on the horizon.","议政会警告过，借来的混沌每拖欠一回合便复利增长，而""希波克拉底""仍远在天际。"
"Scroll of Chaos: +20% chaos now, +3% every round.","Scroll of Chaos: +20% chaos now, +3% every round.",混沌卷轴：当前混沌 +20%，每回合 +3%。
"The quartermaster's ledger breeds on itself; each round the Greycoats turn in more, and the line grows fatter.","The quartermaster's ledger breeds on itself; each round the Greycoats turn in more, and the line grows fatter.",军需官的账册会自我繁殖；每一回合灰袍兵上缴得更多，进项也越发肥厚。
"+10 income now, +5 every round.","+10 income now, +5 every round.",当前收入 +10，每回合 +5。
"Scar over scar, the way a Warden's plating thickens every round the Relief fails to arrive.","Scar over scar, the way a Warden's plating thickens every round the Relief fails to arrive.",疤上添疤，正如援军每一回合不至，卫士的装甲就增厚一层。
"Blessed Armor: +10 armor now, +5 every round.","Blessed Armor: +10 armor now, +5 every round.",祝福护甲：当前护甲 +10，每回合 +5。
"Warden marksmanship doctrine, the kind drilled into gunners told to make every single shot count.","Warden marksmanship doctrine, the kind drilled into gunners told to make every single shot count.",卫士的射术信条，专为那些被要求把每一发都打中的射手反复操练。
Focusfire: +25% to single-target weapons.,Focusfire: +25% to single-target weapons.,集火：单体武器 +25%。
"Foundry overpressure tuning meant for the crater-makers, ground for walls and the crowds behind them.","Foundry overpressure tuning meant for the crater-makers, ground for walls and the crowds behind them.",铸造厂为造坑者调校的超压设定，磨砺以对付城墙及其身后的人群。
+25% to splash weapons.,+25% to splash weapons.,溅射武器 +25%。
"Greycoat volley discipline, salvaged off a unit that fired in ranks until the ranks ran out.","Greycoat volley discipline, salvaged off a unit that fired in ranks until the ranks ran out.",灰袍兵的齐射纪律，扒自一支成排开火、直到排不出人为止的部队。
+25% to barrage weapons.,+25% to barrage weapons.,齐射武器 +25%。
A Hexwright field-binding that thickens whatever the tank pulses out into the ring of dirt around it.,A Hexwright field-binding that thickens whatever the tank pulses out into the ring of dirt around it.,一道符文匠的场域束缚，把坦克脉冲到周身泥圈里的一切都加厚。
+25% to area-pulse weapons.,+25% to area-pulse weapons.,范围脉冲武器 +25%。
"Calibration recovered from the Ashmark breakwalls, meant to shove a whole front rank into the next world.","Calibration recovered from the Ashmark breakwalls, meant to shove a whole front rank into the next world.",从艾什马克破墙处回收的校准，意在把一整排前锋推进下一个世界。
Wavefire: +25% to wave weapons.,Wavefire: +25% to wave weapons.,波动射击：波动武器 +25%。
"Foundry ricochet-work, each hop tuned to land angrier than the last off scrap nobody else would salvage.","Foundry ricochet-work, each hop tuned to land angrier than the last off scrap nobody else would salvage.",铸造厂的跳弹手艺，用没人愿捡的废料调校，每一跳都落得比上一跳更暴怒。
+25% to bounce weapons.,+25% to bounce weapons.,弹射武器 +25%。
"Warden close-line doctrine, where the work is done at knife-reach and the gunner smells what he kills.","Warden close-line doctrine, where the work is done at knife-reach and the gunner smells what he kills.",卫士的近线信条，活计在刀锋可及处完成，射手闻得到自己杀的东西。
Command Aura: +25% to short-range (<=600).,Command Aura: +25% to short-range (<=600).,指挥光环：近程武器（<=600）+25%。
"A long-glass sighting kit off an Ashmark sniper-nest, for killing them before they have a face.","A long-glass sighting kit off an Ashmark sniper-nest, for killing them before they have a face.",从艾什马克狙击巢取下的长镜瞄准套件，趁敌人还没成形就把它们干掉。
Trueshot Aura: +25% to long-range (>=900).,Trueshot Aura: +25% to long-range (>=900).,精准光环：远程武器（>=900）+25%。
"The Foundry's cheapest overruns, the junk the Greycoats are handed first, made to earn twice its serial.","The Foundry's cheapest overruns, the junk the Greycoats are handed first, made to earn twice its serial.",铸造厂最便宜的过剩货，灰袍兵最先领到的破烂，被调教成赚回两倍序列号的本事。
Engineering Upgrade: doubles common-weapon damage.,Engineering Upgrade: doubles common-weapon damage.,工程升级：普通品质武器伤害翻倍。
Warden execution drill: a thing on the ground and stunned is a thing the line stops counting.,Warden execution drill: a thing on the ground and stunned is a thing the line stops counting.,卫士的处决操典：一个倒地又被眩晕的东西，就是防线不再计数的东西。
Bash: +20% damage to stunned enemies.,Bash: +20% damage to stunned enemies.,重击：对被眩晕的敌人伤害 +20%。
Finish what the field-rations and the rot already started in them.,Finish what the field-rations and the rot already started in them.,把野战口粮和腐烂已经在它们体内开了头的活儿做完。
Corrosive Poison: +25% damage to poisoned.,Corrosive Poison: +25% damage to poisoned.,腐蚀剧毒：对中毒目标伤害 +25%。
Greycoat sickness spread through Ashmark in the bad winters; the Conclave learned to concentrate it.,Greycoat sickness spread through Ashmark in the bad winters; the Conclave learned to concentrate it.,灰袍兵的瘟病在严冬里传遍了艾什马克；议政会学会了把它浓缩。
Potent Poison: +10% applied poison damage.,Potent Poison: +10% applied poison damage.,强效剧毒：施加的中毒伤害 +10%。
"A Hexwright lock that holds the stunned a breath longer, long enough for the Wardens to work.","A Hexwright lock that holds the stunned a breath longer, long enough for the Wardens to work.",一道符文匠的锁，把被眩晕者多按住一口气的工夫，刚够卫士动手。
Dazing Stuns: +50% stun duration.,Dazing Stuns: +50% stun duration.,昏眩眩晕：眩晕持续时间 +50%。
"Field-improvised cruelty: Ashmark scrap-iron driven point-out into the tank's hull, set so the swing that lands draws a little back.","Field-improvised cruelty: Ashmark scrap-iron driven point-out into the tank's hull, set so the swing that lands draws a little back.",战地临时拼凑的残忍：艾什马克的废铁尖头朝外钉进坦克舱体，落在它身上的每一击都会被回敬一点。
Dreadlord Fang: +80 retaliation when hit.,Dreadlord Fang: +80 retaliation when hit.,恐惧魔王之牙：受击时反伤 +80。
"A denser hide of welded scrap, the kind a Warden bolts on when reaching the tank should cost a limb.","A denser hide of welded scrap, the kind a Warden bolts on when reaching the tank should cost a limb.",一层焊接废料堆出的更密厚皮，卫士想让靠近坦克的代价是一条肢体时就拴上它。
+300 retaliation damage when hit.,+300 retaliation damage when hit.,受击时反伤 +300。
"The same improvised barbs, ground keener by a gunner with nothing left to do but sharpen the punishment.","The same improvised barbs, ground keener by a gunner with nothing left to do but sharpen the punishment.",还是那些临时倒刺，被一个除了磨利惩罚再无事可做的射手磨得更尖。
+50% to all spikes damage.,+50% to all spikes damage.,所有尖刺伤害 +50%。
"Every round the war drags on, the Wardens hammer fresh scrap into the hull and the welcome gets crueler.","Every round the war drags on, the Wardens hammer fresh scrap into the hull and the welcome gets crueler.",战争每多拖一回合，卫士就往舱体里锤进新的废料，迎客之礼也愈发残忍。
"Growing Spikes: +80 now, +10 every round.","Growing Spikes: +80 now, +10 every round.",生长尖刺：当前 +80，每回合 +10。
A Hexwright marking-rite that opens the flesh of everything near; the marked do not heal what is opened.,A Hexwright marking-rite that opens the flesh of everything near; the marked do not heal what is opened.,一道符文匠的标记仪式，剖开附近一切的血肉；被标记者无法愈合那道被剖开的伤。
Vulnerability Totem: nearby enemies take +5%/sec.,Vulnerability Totem: nearby enemies take +5%/sec.,易伤图腾：附近敌人每秒承受伤害 +5%。
"The Relief never came, so the Wardens took their mending off the dying and bolted fresh plate while they were at it.","The Relief never came, so the Wardens took their mending off the dying and bolted fresh plate while they were at it.",援军始终没来，于是卫士把治愈从垂死者身上拿走，顺手又拴上了新的装甲板。
"Mask of Death: +1000 max HP, +15 HP per kill.","Mask of Death: +1000 max HP, +15 HP per kill.",死亡面具：最大生命 +1000，每次击杀 +15 生命。
"A deeper draught of the same grim arithmetic, each corpse on the line paying back the Relief's debt.","A deeper draught of the same grim arithmetic, each corpse on the line paying back the Relief's debt.",同一道冷酷算术更深的一饮，防线上每具尸体都在偿还援军的欠债。
+60 HP each time an enemy dies.,+60 HP each time an enemy dies.,每当一名敌人死亡 +60 生命。
"Conclave rot-spores feed two mouths at once, the dying enemy's and the gunner the Relief abandoned.","Conclave rot-spores feed two mouths at once, the dying enemy's and the gunner the Relief abandoned.",议政会的腐孢同时喂养两张嘴：垂死的敌人，和被援军抛弃的射手。
Reanimating Poison: +5 HP every poison tick.,Reanimating Poison: +5 HP every poison tick.,复生剧毒：每次中毒跳动 +5 生命。
"Three flips of a Greycoat token, and the quartermaster's ledger pays out in triplicate before anyone checks the column twice.","Three flips of a Greycoat token, and the quartermaster's ledger pays out in triplicate before anyone checks the column twice.",灰袍兵的代币翻三下，军需官的账册就在没人复核那一栏之前付出了三份。
Multiplication Gems: next common yields 3 copies.,Multiplication Gems: next common yields 3 copies.,增殖宝石：下一件普通品质产出 3 份。
"The Conclave keeps a second of everything worth having, off the ledger and out of the quartermaster's count.","The Conclave keeps a second of everything worth having, off the ledger and out of the quartermaster's count.",凡是值得拥有的，议政会都留一份备份，不入账册，不计军需官的数。
Duplicator: next rare bought yields 1 free copy.,Duplicator: next rare bought yields 1 free copy.,复制器：下一件购买的稀有品额外免费产出 1 份。
"A name in the right margin of the ledger, and the Greycoats look the other way once.","A name in the right margin of the ledger, and the Greycoats look the other way once.",账册右栏写上一个名字，灰袍兵就睁一只眼闭一只眼一回。
Black Market: next uncommon purchase is free.,Black Market: next uncommon purchase is free.,黑市：下一次购买的非凡品质免费。
"Coin the Greycoats buried at Ashmark before the line broke, dug up and still drawing interest.","Coin the Greycoats buried at Ashmark before the line broke, dug up and still drawing interest.",灰袍兵在防线崩溃前埋于艾什马克的金币，挖出来时仍在生息。
"Magic Treasure: +250 gold now, +5 income/round.","Magic Treasure: +250 gold now, +5 income/round.",魔法宝藏：当前金币 +250，每回合收入 +5。
"The Wardens buried this rite with their last chaplain; it answers once, and resents being asked.","The Wardens buried this rite with their last chaplain; it answers once, and resents being asked.",卫士把这道仪式和最后一位随军牧师一同葬下；它只应答一次，且厌恶被请求。
"Ankh of Reconstruction: revive once, +2000 max HP.","Ankh of Reconstruction: revive once, +2000 max HP.",重构生命符：复活一次，最大生命 +2000。
"What field-dressing the Wardens have left, doled out by a surgeon who stopped counting the dead at Ashmark.","What field-dressing the Wardens have left, doled out by a surgeon who stopped counting the dead at Ashmark.",卫士剩下的那点战地包扎，由一位在艾什马克停止清点死者的军医分发。
Healing Hand: +25% to all healing received.,Healing Hand: +25% to all healing received.,治愈之手：受到的所有治疗 +25%。
"Hexwright greenwood grown through the hull, more wall and slower mending the closer to death the gunner runs.","Hexwright greenwood grown through the hull, more wall and slower mending the closer to death the gunner runs.",贯穿舱体生长的符文匠青木，射手越逼近死亡，它就越像墙、愈合得越缓。
"Living Wood: +2000 max HP, 1.5% missing HP/sec.","Living Wood: +2000 max HP, 1.5% missing HP/sec.",活木：最大生命 +2000，每秒回复已损生命的 1.5%。
Every Warden bow racked beside this one lends its draw to the next; the whole rack of them sights truer for the hoard.,Every Warden bow racked beside this one lends its draw to the next; the whole rack of them sights truer for the hoard.,架在它旁边的每一张卫士弓都把拉力借给下一张；整架弓因这囤积而瞄得更准。
"Enchanted Moon Arrow: +100% piercing, +1% per Bow.","Enchanted Moon Arrow: +100% piercing, +1% per Bow.",附魔月之箭：穿刺 +100%，每拥有一张弓 +1%。
"Ranged together, Foundry mortars find the old Ashmark firing tables faster, each barrel correcting the last.","Ranged together, Foundry mortars find the old Ashmark firing tables faster, each barrel correcting the last.",成列排开时，铸造厂的迫击炮更快找回古老的艾什马克射表，每一门修正上一门。
"Refined Explosives: +100% siege, +1% per Mortar.","Refined Explosives: +100% siege, +1% per Mortar.",精炼炸药：攻城 +100%，每拥有一门迫击炮 +1%。
Feed the Foundry's worst machine more of its own kind and the chaos in it deepens with the count.,Feed the Foundry's worst machine more of its own kind and the chaos in it deepens with the count.,给铸造厂最糟的机器喂更多同类，它体内的混沌就随数量加深。
+10% chaos per Death Engine owned.,+10% chaos per Death Engine owned.,每拥有一台死亡引擎，混沌 +10%。
"The Greycoats will buy the meat off a living Warden, and the ledger never asks why the line went thin.","The Greycoats will buy the meat off a living Warden, and the ledger never asks why the line went thin.",灰袍兵连活卫士身上的肉也照买，账册从不问防线为何越来越薄。
"Philosopher's Stone: -1000 max HP, +2000 gold.","Philosopher's Stone: -1000 max HP, +2000 gold.",贤者之石：最大生命 -1000，金币 +2000。
"Stop the surgeon's work, sell the bandages, and pay the quartermaster in the healing you'll never get.","Stop the surgeon's work, sell the bandages, and pay the quartermaster in the healing you'll never get.",叫停军医，卖掉绷带，用你永远得不到的治愈去付给军需官。
"Cursed Treasure: -100 HP regen, +5000 gold.","Cursed Treasure: -100 HP regen, +5000 gold.",诅咒宝藏：生命再生 -100，金币 +5000。
The Greycoats price the dead by the wound; every hundred you open is a coin in the ledger.,The Greycoats price the dead by the wound; every hundred you open is a coin in the ledger.,灰袍兵按伤口给死者定价；你每剖开一百点，账册上就多一枚金币。
+1 gold per 100 damage dealt.,+1 gold per 100 damage dealt.,每造成 100 点伤害 +1 金币。
"A richer contract from the same bloody ledger, paying out every twenty points of ruin you deal.","A richer contract from the same bloody ledger, paying out every twenty points of ruin you deal.",同一本血账上更丰厚的一纸合约，你每造成二十点毁伤便结一笔。
+1 gold per 20 damage dealt.,+1 gold per 20 damage dealt.,每造成 20 点伤害 +1 金币。
"The Hexwrights tithe a quarter of your takings into borrowed math, keeping the skin paid up.","The Hexwrights tithe a quarter of your takings into borrowed math, keeping the skin paid up.",符文匠把你收入的四分之一抽作什一税投入借来的算术，让那层外皮始终付清欠款。
"Income tops up your mana shield, 25%.","Income tops up your mana shield, 25%.",收入为你的法力护盾充能，25%。
"Conclave shieldwork that studies the siege as it stands, thickening a little more each round it endures.","Conclave shieldwork that studies the siege as it stands, thickening a little more each round it endures.",议政会的护盾手艺，边守边研究这场围城，每熬过一回合就加厚一分。
"+2500 shield, +400 more each round.","+2500 shield, +400 more each round.",护盾 +2500，每回合再 +400。
"A patched plate off an Ashmark casualty, just enough give before the seam parts.","A patched plate off an Ashmark casualty, just enough give before the seam parts.",从艾什马克一名伤亡者身上补来的甲板，接缝绷裂前刚好能让你喘口气。
Improved Masonry: +500 max HP.,Improved Masonry: +500 max HP.,强化砌石：最大生命 +500。
"A spare Warden quiver, the heads honed on the same stone the last gunner used.","A spare Warden quiver, the heads honed on the same stone the last gunner used.",一只备用的卫士箭袋，箭头是在上一名射手用过的同一块磨石上磨利的。
"Plain Foundry shot, no markings, no cleverness, stamped out by the crate.","Plain Foundry shot, no markings, no cleverness, stamped out by the crate.",朴素的铸造厂弹丸，无标记，无花巧，成箱地冲压出来。
Improved Normal Attacks: +10% normal damage.,Improved Normal Attacks: +10% normal damage.,强化普通攻击：普通伤害 +10%。
"A Foundry overrun of siege charges, serialed for a wall at Ashmark that no longer stands.","A Foundry overrun of siege charges, serialed for a wall at Ashmark that no longer stands.",铸造厂过剩的攻城炸药，编号对应艾什马克一堵早已不复存在的城墙。
"Conclave ordnance the Hexwrights signed for but never logged, full of something that resents the barrel.","Conclave ordnance the Hexwrights signed for but never logged, full of something that resents the barrel.",符文匠签收却从未登记的议政会军械，里头满是憎恶枪管的东西。
Improved Chaos Attacks: +10% chaos damage.,Improved Chaos Attacks: +10% chaos damage.,强化混沌攻击：混沌伤害 +10%。
"Hull plating cut from a dead Ashmark engine, bolted over the old wounds.","Hull plating cut from a dead Ashmark engine, bolted over the old wounds.",从一台报废的艾什马克引擎上割下的舱体装甲，拴在旧伤之上。
+1000 max HP.,+1000 max HP.,最大生命 +1000。
"A Foundry armor ration, thin but stamped and accounted for in the ledger.","A Foundry armor ration, thin but stamped and accounted for in the ledger.",一份铸造厂的护甲配给，虽薄却盖了章、记了账。
+10 flat armor.,+10 flat armor.,固定护甲 +10。
Heavy Warden plate pulled off a tank that held this line three reliefs ago.,Heavy Warden plate pulled off a tank that held this line three reliefs ago.,从一辆三次援军之前还守着这条防线的坦克上拆下的卫士重甲。
+2000 max HP.,+2000 max HP.,最大生命 +2000。
The Greycoats run the corpse-tally generous when the bodies pile this high.,The Greycoats run the corpse-tally generous when the bodies pile this high.,当尸体堆到这般高，灰袍兵清点起来便慷慨了。
+50% gold per kill.,+50% gold per kill.,每次击杀金币 +50%。
"A Hexwright recharging-rite for the borrowed skin, drawing the pool back up a quarter faster than it bleeds.","A Hexwright recharging-rite for the borrowed skin, drawing the pool back up a quarter faster than it bleeds.",为那层借来外皮准备的符文匠充能仪式，把储量回灌得比它流失快四分之一。
"Recharge: +2000 shield, +25% shield regen.","Recharge: +2000 shield, +25% shield regen.",充能：护盾 +2000，护盾再生 +25%。
"A standing line in the quartermaster's ledger, paid out of Ashmark salvage each round.","A standing line in the quartermaster's ledger, paid out of Ashmark salvage each round.",军需官账册上一笔固定条目，每回合从艾什马克的回收物中支取。
+20 gold income per round.,+20 gold income per round.,每回合金币收入 +20。
"A scrap of Foundry plate, half a ration, glancing off what it can.","A scrap of Foundry plate, half a ration, glancing off what it can.",一小块铸造厂甲板，半份配给，能挡则挡。
Tower Armor: +5 flat armor.,Tower Armor: +5 flat armor.,塔楼护甲：固定护甲 +5。
"A Foundry gear-kit that shaves the pause between firings, cut from a faster machine.","A Foundry gear-kit that shaves the pause between firings, cut from a faster machine.",一套铸造厂齿轮组，削减两次击发之间的停顿，取自一台更快的机器。
+10% attack speed.,+10% attack speed.,攻击速度 +10%。
"The Wardens' field-surgeon at full pace, stitching faster than the line falls apart, and faster still as the wounds mount.","The Wardens' field-surgeon at full pace, stitching faster than the line falls apart, and faster still as the wounds mount.",卫士的战地军医全速运转，缝合得比防线崩散还快，伤口越多缝得越快。
"Renew: +80 HP regen, then +25%.","Renew: +80 HP regen, then +25%.",恢复：生命再生 +80，再 +25%。
"A slow, stubborn mending, all the relief the Wardens could spare this post.","A slow, stubborn mending, all the relief the Wardens could spare this post.",一种缓慢而固执的愈合，是卫士能匀给这个哨位的全部慰藉。
Repair Crew: +20 HP regen per tick.,Repair Crew: +20 HP regen per tick.,维修队：每跳生命再生 +20。
"A thin trickle on the Greycoat ledger, the kind command forgets to honor.","A thin trickle on the Greycoat ledger, the kind command forgets to honor.",灰袍兵账册上细细的一笔，正是指挥部会忘记兑现的那种。
Magic Coin: +5 gold income per round.,Magic Coin: +5 gold income per round.,魔法硬币：每回合金币收入 +5。
"A modest seam in the quartermaster's books, paid round on round and skimmed a margin besides.","A modest seam in the quartermaster's books, paid round on round and skimmed a margin besides.",军需官账本里不起眼的一道矿脉，回回结付，外加揩去一层油。
"Gold Mine: +10 income, +10% income.","Gold Mine: +10 income, +10% income.",金矿：收入 +10，收入 +10%。
"The Greycoats pay twice over for the same fallen, the ledger long past honesty.","The Greycoats pay twice over for the same fallen, the ledger long past honesty.",同一名阵亡者，灰袍兵付两遍钱，这账册早已与诚实无缘。
+100% gold per kill.,+100% gold per kill.,每次击杀金币 +100%。
"Conclave shot the Hexwrights leaned on too hard, biting back through the barrel each time.","Conclave shot the Hexwrights leaned on too hard, biting back through the barrel each time.",符文匠用得太狠的议政会弹丸，每次都顺着枪管反咬一口。
"A respectable clip of mending, more than the Relief ever delivered to this line.","A respectable clip of mending, more than the Relief ever delivered to this line.",一段相当可观的愈合，比援军给过这条防线的还多。
+40 HP regen per tick.,+40 HP regen per tick.,每跳生命再生 +40。
"An obscene coat of Hexwright life-work, more borrowed skin than any Warden was meant to wear, and it turns the blows it eats.","An obscene coat of Hexwright life-work, more borrowed skin than any Warden was meant to wear, and it turns the blows it eats.",一层过分的符文匠生命之作，借来的外皮多过任何卫士本该承受的，它还能挡下吞下的打击。
Energy Shield: +10000 mana shield.,Energy Shield: +10000 mana shield.,能量护盾：法力护盾 +10000。
"A Greycoat's bad habits, learned at Ashmark: one swing in ten finds only air.","A Greycoat's bad habits, learned at Ashmark: one swing in ten finds only air.",灰袍兵在艾什马克学来的坏习惯：十下里有一下只挥到空气。
"The Greycoat ledger compounds as the siege drags on, the dead worth more every round The Hippocrate nears.","The Greycoat ledger compounds as the siege drags on, the dead worth more every round The Hippocrate nears.","随围城拖延，灰袍兵的账册复利增长，""希波克拉底""每靠近一回合，死者就更值钱。"
"+100% kill gold, +15% more each round.","+100% kill gold, +15% more each round.",击杀金币 +100%，每回合再 +15%。
"Warden salvage welded round Warden salvage, the wall thickening every round the line holds.","Warden salvage welded round Warden salvage, the wall thickening every round the line holds.",卫士回收物焊在卫士回收物外，防线每守住一回合，墙就加厚一层。
"+2500 max HP, +500 more each round.","+2500 max HP, +500 more each round.",最大生命 +2500，每回合再 +500。
"A thin Hexwright coat of borrowed math, enough to spend before your own skin.","A thin Hexwright coat of borrowed math, enough to spend before your own skin.",一层薄薄的符文匠借来算术之衣，够你在赔上自己皮肉前先花。
Mana Shield: +1000 mana shield.,Mana Shield: +1000 mana shield.,法力护盾：法力护盾 +1000。
"The Wardens' last surgeon works faster the longer the war grinds, mending quickening as the siege wears on.","The Wardens' last surgeon works faster the longer the war grinds, mending quickening as the siege wears on.",卫士最后一位军医随战事磨砺而手脚越快，围城拖得越久，愈合也越快。
"+120 HP/tick regen, +30 more each round.","+120 HP/tick regen, +30 more each round.",每跳生命再生 +120，每回合再 +30。
"Foundry masons fit the old wall to a finer tolerance than the war deserves, and the thicker it stands the harder its guns hit.","Foundry masons fit the old wall to a finer tolerance than the war deserves, and the thicker it stands the harder its guns hit.",铸造厂的石匠把旧墙修到了比这场战争配得上的更高精度，墙立得越厚，它的炮打得越狠。
"Mastercrafted Masonry: +5000 max HP, +1% damage per 2000 max HP.","Mastercrafted Masonry: +5000 max HP, +1% damage per 2000 max HP.",匠造砌石：最大生命 +5000，每 2000 最大生命使伤害 +1%。
"A Greycoat quartermaster's signet, worn smooth on the corpse-ledger; the richer the bounty it counts, the meaner the line shoots.","A Greycoat quartermaster's signet, worn smooth on the corpse-ledger; the richer the bounty it counts, the meaner the line shoots.",一枚灰袍兵军需官的印戒，在尸体账册上磨得发亮；它清点的赏金越丰厚，防线打得就越凶。
"Golden Ring: +200% kill bounty, +1% damage per 50% bounty.","Golden Ring: +200% kill bounty, +1% damage per 50% bounty.",黄金指环：击杀赏金 +200%，每 50% 赏金使伤害 +1%。
"A Hexwright sigil burned into the borrowed skin; while the shield holds, every shot carries a little of that stolen fire.","A Hexwright sigil burned into the borrowed skin; while the shield holds, every shot carries a little of that stolen fire.",一道烙进那层借来外皮的符文匠魔印；只要护盾还在，每一发都带着一点偷来的火。
"Arcane Mark: +4000 mana shield, +20% damage while it holds.","Arcane Mark: +4000 mana shield, +20% damage while it holds.",奥术印记：法力护盾 +4000，护盾存在时伤害 +20%。
The Conclave fed this thing on the dying and it learned to drink; each corpse on the line tops its borrowed skin back up.,The Conclave fed this thing on the dying and it learned to drink; each corpse on the line tops its borrowed skin back up.,议政会用垂死者喂养这东西，它学会了畅饮；防线上每具尸体都把它借来的外皮回灌一截。
"Maw of Death: +2000 mana shield, +15 shield per enemy killed.","Maw of Death: +2000 mana shield, +15 shield per enemy killed.",死亡之喉：法力护盾 +2000，每击杀一名敌人护盾 +15。
"Hexwright shielding wound so tight that when it finally fails it fails outward, a white concussion that lays the whole front rank flat.","Hexwright shielding wound so tight that when it finally fails it fails outward, a white concussion that lays the whole front rank flat.",符文匠的护盾缠得极紧，终于失效时便向外炸开，一记白色震荡把整排前锋掀翻在地。
"Energy Pulse: +2000 mana shield; when it breaks, stun all enemies in 1200 for 0.5s.","Energy Pulse: +2000 mana shield; when it breaks, stun all enemies in 1200 for 0.5s.",能量脉冲：法力护盾 +2000；破碎时，眩晕 1200 范围内所有敌人 0.5 秒。
"Greycoat sickness ground into the welds, so the swing that draws the tank's blood draws its own rot back.","Greycoat sickness ground into the welds, so the swing that draws the tank's blood draws its own rot back.",灰袍兵的瘟病被磨进焊缝，于是任何放出坦克之血的一击，也会引来它自己的腐烂。
"Poison Armor: +10 armor, +40 spikes; retaliation also poisons.","Poison Armor: +10 armor, +40 spikes; retaliation also poisons.",剧毒护甲：护甲 +10，尖刺 +40；反伤同时附带中毒。
"Each blow against the hull breaks off another barb into it; the longer the line presses, the crueler the welcome grows, until the round resets the count.","Each blow against the hull breaks off another barb into it; the longer the line presses, the crueler the welcome grows, until the round resets the count.",每记砸向舱体的打击都会折断又一根倒刺嵌进去；前线压得越久，迎客之礼就越残忍，直到回合重置计数。
Bloody Spikes: +80 spikes; retaliation stacks more damage each hit (resets each round).,Bloody Spikes: +80 spikes; retaliation stacks more damage each hit (resets each round).,血腥尖刺：尖刺 +80；反伤每次受击叠加更多伤害（每回合重置）。
"A Hexwright rot-totem bolted to the tank, breathing a slow green ruin into the ground around it that the close-pressed never leave clean.","A Hexwright rot-totem bolted to the tank, breathing a slow green ruin into the ground around it that the close-pressed never leave clean.",一根拴在坦克上的符文匠腐烂图腾，向周身土地缓缓吐出绿色的毁灭，逼近的敌人从不能干净脱身。
Blight Aura: +200 regen; pulse 200 poison damage in 600 every second.,Blight Aura: +200 regen; pulse 200 poison damage in 600 every second.,枯萎光环：再生 +200；每秒在 600 范围内脉冲 200 点中毒伤害。
MATCH RESULTS,MATCH RESULTS,对局结算
You placed #%d of %d,You placed #%d of %d,你获得第 %d 名（共 %d 人）
PLAYER,PLAYER,玩家
RESULT,RESULT,结果
SCORE,SCORE,得分
WIN,WIN,胜
LOSS,LOSS,负
REMATCH,REMATCH,再来一局
BACK TO LOBBY,BACK TO LOBBY,返回大厅
MENU,MENU,菜单
[Enter] Rematch   ·   [Esc / S] Menu,[Enter] Rematch   ·   [Esc / S] Menu,[Enter] 再来一局   ·   [Esc / S] 菜单
[Enter] Back to Lobby   ·   [Esc / S] Menu,[Enter] Back to Lobby   ·   [Esc / S] Menu,[Enter] 返回大厅   ·   [Esc / S] 菜单
PAUSED,PAUSED,已暂停
Resume,Resume,继续游戏
Settings,Settings,设置
Quit to Menu,Quit to Menu,退出到主菜单
QUIT TO MENU?,QUIT TO MENU?,退出到主菜单？
This run is still live — quitting abandons it.,This run is still live — quitting abandons it.,本局仍在进行中——退出即放弃这局。
Keep Playing,Keep Playing,继续作战
SETTINGS,SETTINGS,设置
Master Volume,Master Volume,主音量
SFX Volume,SFX Volume,音效音量
Music Volume,Music Volume,音乐音量
Mute,Mute,静音
Language,Language,语言
Screen Shake,Screen Shake,屏幕震动
On,On,开
Off,Off,关
Back,Back,返回
[↑↓] select   [Enter] confirm   [Esc] resume,[↑↓] select   [Enter] confirm   [Esc] resume,[↑↓] 选择   [Enter] 确认   [Esc] 继续
[↑↓] select   [Enter] confirm   [Esc] back,[↑↓] select   [Enter] confirm   [Esc] back,[↑↓] 选择   [Enter] 确认   [Esc] 返回
[↑↓] select   [←→] adjust   [Enter] apply   [Esc] back,[↑↓] select   [←→] adjust   [Enter] apply   [Esc] back,[↑↓] 选择   [←→] 调整   [Enter] 应用   [Esc] 返回
BLACK MARKET,BLACK MARKET,黑市
Buy 1 Uncommon weapon or Spikes upgrade of your choosing — free. The market waits until you choose.,Buy 1 Uncommon weapon or Spikes upgrade of your choosing — free. The market waits until you choose.,免费任选 1 件精良武器或尖刺强化——黑市会一直等到你做出选择。
UNCOMMON WEAPONS,UNCOMMON WEAPONS,精良武器
SPIKES UPGRADES,SPIKES UPGRADES,尖刺强化
★ BLACK MARKET — pick pending  [B],★ BLACK MARKET — pick pending  [B],★ 黑市 — 待领取  [B]
[←→] column   [↑↓] select   [Enter] pick   [Esc] later,[←→] column   [↑↓] select   [Enter] pick   [Esc] later,[←→] 切换栏   [↑↓] 选择   [Enter] 领取   [Esc] 稍后
Game Speed,Game Speed,游戏速度
Normal,Normal,正常
Fast,Fast,快速
Faster,Faster,更快
Hyper,Hyper,极速
SPEED: %s  ·  ×%s  ·  %d ticks/s   [F] change,SPEED: %s  ·  ×%s  ·  %d ticks/s   [F] change,速度：%s · ×%s · 每秒 %d 刻   [F] 切换
SPEED: %s  ·  ×%s  ·  %d ticks/s,SPEED: %s  ·  ×%s  ·  %d ticks/s,速度：%s · ×%s · 每秒 %d 刻
speed %s ×%s · %d ticks/s,speed %s ×%s · %d ticks/s,速度 %s ×%s · 每秒 %d 刻
Only the host can change game speed.,Only the host can change game speed.,只有主机可以更改游戏速度。
Game speed is locked once the match has started.,Game speed is locked once the match has started.,对局开始后游戏速度即被锁定。
best: %s,best: %s,最佳：%s
NEW BEST ROUND!,NEW BEST ROUND!,新纪录：最高轮次！
NEW BEST DAMAGE!,NEW BEST DAMAGE!,新纪录：最高伤害！
NEW BEST GOLD!,NEW BEST GOLD!,新纪录：最高金币！
Survived %s,Survived %s,存活 %s
The boss was %s away,The boss was %s away,距首领登场还差 %s
Boss had %d%% left,Boss had %d%% left,首领仅剩 %d%% 生命
+%d rounds vs your best,+%d rounds vs your best,比你的最佳纪录多 %d 轮
-%d rounds short of your best,-%d rounds short of your best,距你的最佳纪录还差 %d 轮
Overwhelmed by %s ×%d — took %s damage in the final 10 s,Overwhelmed by %s ×%d — took %s damage in the final 10 s,被 %s ×%d 淹没——最后 10 秒承受 %s 伤害
NEXT: %s — %s / %s,NEXT: %s — %s / %s,下一目标：%s — %s / %s
"Tip: enemy waves scale every round (and jump +20% at 10:00) — buy HP, armor and regen so the ramp doesn't outpace you.","Tip: enemy waves scale every round (and jump +20% at 10:00) — buy HP, armor and regen so the ramp doesn't outpace you.",提示：敌潮每轮都在增强（10:00 更猛增 +20%）——购买生命、护甲与回复，别被强度曲线甩开。
Tip: the shop closes for good at 15:00 when the boss arrives — spend your gold before the bell.,Tip: the shop closes for good at 15:00 when the boss arrives — spend your gold before the bell.,提示：15:00 首领登场时商店将永久关闭——赶在钟声前把金币花掉。
Tip: Clear [Space] is the only thing that hurts the boss — keep it off cooldown once the boss is up.,Tip: Clear [Space] is the only thing that hurts the boss — keep it off cooldown once the boss is up.,提示：清场 [Space] 是唯一能伤到首领的手段——首领现身后要掐好冷却。
"Tip: every shop slot rolls independently — rarity odds are 50/30/15/5, so an epic on the board is a rare treat.","Tip: every shop slot rolls independently — rarity odds are 50/30/15/5, so an epic on the board is a rare treat.",提示：商店每个栏位独立随机——稀有度概率为 50/30/15/5，牌面上出现史诗实属难得。
Tip: free rerolls bank up and never expire — spend them freely when the board is bad.,Tip: free rerolls bank up and never expire — spend them freely when the board is bad.,提示：免费重投可以攒着且永不过期——牌面不好就放心用。
"Tip: damage types matter — piercing, siege and magic each punish different armor, and the typed +25% upgrades compound.","Tip: damage types matter — piercing, siege and magic each punish different armor, and the typed +25% upgrades compound.",提示：伤害类型很重要——穿刺、攻城、魔法各克不同护甲，对应的 +25% 强化收益还会叠加。
Tip: economy compounds — income early snowballs into weapons late; pure greed and pure guns are both risky.,Tip: economy compounds — income early snowballs into weapons late; pure greed and pure guns are both risky.,提示：经济会滚雪球——前期攒收入，后期换武器；纯贪金和纯火力都有风险。
"Tip: Deep Freeze is an upgrade — without it 25 Frost stacks never freeze; with it, frozen enemies take +50% damage.","Tip: Deep Freeze is an upgrade — without it 25 Frost stacks never freeze; with it, frozen enemies take +50% damage.",提示：深度冻结是一件强化——没有它，25 层冰霜也不会冻结；有了它，冻结的敌人多受 50% 伤害。
%d NEW,%d NEW,%d 个新成就
NEW,NEW,新
Restart Run,Restart Run,重新开始本局
RESTART RUN?,RESTART RUN?,重新开始本局？
This run is still live — restarting abandons it.,This run is still live — restarting abandons it.,本局仍在进行中——重新开始将放弃这局。
SINGLE,SINGLE,单体
SPLASH,SPLASH,溅射
BARRAGE,BARRAGE,弹幕
AREA,AREA,范围
WAVE,WAVE,冲击波
BOUNCE,BOUNCE,弹射链
SYNERGIES,SYNERGIES,协同
+%d more,+%d more,另有 %d 项
+%d%% %s — %s ×%d,+%d%% %s — %s ×%d,+%d%% %s — %s ×%d
Piercing,Piercing,穿刺
Magic,Magic,魔法
Siege,Siege,攻城
Chaos,Chaos,混沌
YOU: %s  ·  [Esc] leave,YOU: %s  ·  [Esc] leave,你：%s  ·  [Esc] 离开
CLEAR READY,CLEAR READY,清场就绪
CLEAR %ds,CLEAR %ds,清场 %d 秒
ABANDON MATCH?,ABANDON MATCH?,放弃对局？
Your rivals keep fighting — a live net match never pauses.,Your rivals keep fighting — a live net match never pauses.,你的对手仍在战斗——联网对局永不暂停。
[Enter] leave match   ·   [Esc] keep playing,[Enter] leave match   ·   [Esc] keep playing,[Enter] 离开对局   ·   [Esc] 继续战斗
